"../../../Engine/Plugins/Animation/ACLPlugin/Content/ACLAnimCurveCompressionSettings.uasset" 0
"../../../Engine/Plugins/Animation/ACLPlugin/Content/ACLAnimCurveCompressionSettings.uexp" 1
"../../../Engine/Plugins/Animation/ACLPlugin/Content/ACLAnimBoneCompressionSettings.uasset" 2
"../../../Engine/Plugins/Animation/ACLPlugin/Content/ACLAnimBoneCompressionSettings.uexp" 3
"../../../Engine/Plugins/2D/Paper2D/Content/PlaceholderTextures/DummySpriteTexture.ubulk" 4
"../../../Engine/Plugins/2D/Paper2D/Content/PlaceholderTextures/DummySpriteTexture.uasset" 5
"../../../Engine/Plugins/2D/Paper2D/Content/PlaceholderTextures/DummySpriteTexture.uexp" 6
"../../../Engine/Plugins/2D/Paper2D/Content/DummySprite.uasset" 7
"../../../Engine/Plugins/2D/Paper2D/Content/DummySprite.uexp" 8
"../../../Engine/Plugins/2D/Paper2D/Content/DefaultPaperTerrainMaterial.uasset" 9
"../../../Engine/Plugins/2D/Paper2D/Content/DefaultPaperTerrainMaterial.uexp" 10
"../../../Engine/Content/EngineMaterials/DefaultPhysicalMaterial.uasset" 11
"../../../Engine/Content/EngineMaterials/DefaultPhysicalMaterial.uexp" 12
"../../../Engine/Content/EngineMaterials/DefaultDestructiblePhysicalMaterial.uasset" 13
"../../../Engine/Content/EngineMaterials/DefaultDestructiblePhysicalMaterial.uexp" 14
"../../../Engine/Content/EngineFonts/Faces/RobotoLight.uexp" 15
"../../../Engine/Content/EngineFonts/Faces/RobotoLight.uasset" 16
"../../../Engine/Content/EngineFonts/Faces/RobotoLight.ufont" 17
"../../../Engine/Content/EngineFonts/Faces/RobotoBold.uexp" 18
"../../../Engine/Content/EngineFonts/Faces/RobotoBold.uasset" 19
"../../../Engine/Content/EngineFonts/Faces/RobotoBold.ufont" 20
"../../../Engine/Content/EngineFonts/Faces/RobotoRegular.uexp" 21
"../../../Engine/Content/EngineFonts/Faces/RobotoRegular.uasset" 22
"../../../Engine/Content/EngineFonts/Faces/RobotoRegular.ufont" 23
"../../../Engine/Content/EngineFonts/Faces/DroidSansFallback.uexp" 24
"../../../Engine/Content/EngineFonts/Faces/DroidSansFallback.uasset" 25
"../../../Engine/Content/EngineFonts/Faces/DroidSansFallback.ufont" 26
"../../../Engine/Content/EngineFonts/Faces/RobotoItalic.uexp" 27
"../../../Engine/Content/EngineFonts/Faces/RobotoItalic.uasset" 28
"../../../Engine/Content/EngineFonts/Faces/RobotoItalic.ufont" 29
"../../../Engine/Content/EngineFonts/Faces/RobotoBoldItalic.uexp" 30
"../../../Engine/Content/EngineFonts/Faces/RobotoBoldItalic.uasset" 31
"../../../Engine/Content/EngineFonts/Faces/RobotoBoldItalic.ufont" 32
"../../../Engine/Content/EngineFonts/Roboto.uasset" 33
"../../../Engine/Content/EngineFonts/Roboto.uexp" 34
"C:/Users/USSER/Desktop/Smart_manual_demo/MySmartManualSample_PC/Content/FirstPerson/Maps/FirstPersonMap_BuiltData.ubulk" 35
"C:/Users/USSER/Desktop/Smart_manual_demo/MySmartManualSample_PC/Content/FirstPerson/Maps/FirstPersonMap_BuiltData.uasset" 36
"C:/Users/USSER/Desktop/Smart_manual_demo/MySmartManualSample_PC/Content/FirstPerson/Maps/FirstPersonMap_BuiltData.uexp" 37
"../../../Engine/Content/MobileResources/HUD/VirtualJoystick_Background.uasset" 38
"../../../Engine/Content/MobileResources/HUD/VirtualJoystick_Background.uexp" 39
"../../../Engine/Content/MobileResources/HUD/VirtualJoystick_Thumb.uasset" 40
"../../../Engine/Content/MobileResources/HUD/VirtualJoystick_Thumb.uexp" 41
"C:/Users/USSER/Desktop/Smart_manual_demo/MySmartManualSample_PC/Content/FirstPerson/Input/MobileControls.uasset" 42
"C:/Users/USSER/Desktop/Smart_manual_demo/MySmartManualSample_PC/Content/FirstPerson/Input/MobileControls.uexp" 43
"C:/Users/USSER/Desktop/Smart_manual_demo/MySmartManualSample_PC/Content/3DPixelArms/Rigs/IK_Mannequin.uasset" 44
"C:/Users/USSER/Desktop/Smart_manual_demo/MySmartManualSample_PC/Content/3DPixelArms/Rigs/IK_Mannequin.uexp" 45
"C:/Users/USSER/Desktop/Smart_manual_demo/MySmartManualSample_PC/Content/3DPixelArms/Meshes/UE4/PHYS_PixelArm_UE4.uasset" 46
"C:/Users/USSER/Desktop/Smart_manual_demo/MySmartManualSample_PC/Content/3DPixelArms/Meshes/UE4/PHYS_PixelArm_UE4.uexp" 47
"C:/Users/USSER/Desktop/Smart_manual_demo/MySmartManualSample_PC/Content/3DPixelArms/Textures/T_Skin_Normal.ubulk" 48
"C:/Users/USSER/Desktop/Smart_manual_demo/MySmartManualSample_PC/Content/3DPixelArms/Textures/T_Skin_Normal.uasset" 49
"C:/Users/USSER/Desktop/Smart_manual_demo/MySmartManualSample_PC/Content/3DPixelArms/Textures/T_Skin_Normal.uexp" 50
"C:/Users/USSER/Desktop/Smart_manual_demo/MySmartManualSample_PC/Content/3DPixelArms/Profiles/SSP_PixelArm.uasset" 51
"C:/Users/USSER/Desktop/Smart_manual_demo/MySmartManualSample_PC/Content/3DPixelArms/Profiles/SSP_PixelArm.uexp" 52
"C:/Users/USSER/Desktop/Smart_manual_demo/MySmartManualSample_PC/Content/3DPixelArms/Textures/T_Skin_OcclusionRoughnessMetallic.ubulk" 53
"C:/Users/USSER/Desktop/Smart_manual_demo/MySmartManualSample_PC/Content/3DPixelArms/Textures/T_Skin_OcclusionRoughnessMetallic.uasset" 54
"C:/Users/USSER/Desktop/Smart_manual_demo/MySmartManualSample_PC/Content/3DPixelArms/Textures/T_Skin_OcclusionRoughnessMetallic.uexp" 55
"C:/Users/USSER/Desktop/Smart_manual_demo/MySmartManualSample_PC/Content/3DPixelArms/Textures/SkinShades/T_Skin02_BaseColor.ubulk" 56
"C:/Users/USSER/Desktop/Smart_manual_demo/MySmartManualSample_PC/Content/3DPixelArms/Textures/SkinShades/T_Skin02_BaseColor.uasset" 57
"C:/Users/USSER/Desktop/Smart_manual_demo/MySmartManualSample_PC/Content/3DPixelArms/Textures/SkinShades/T_Skin02_BaseColor.uexp" 58
"C:/Users/USSER/Desktop/Smart_manual_demo/MySmartManualSample_PC/Content/3DPixelArms/Materials/M_SkinMaster.uasset" 59
"C:/Users/USSER/Desktop/Smart_manual_demo/MySmartManualSample_PC/Content/3DPixelArms/Materials/M_SkinMaster.uexp" 60
"C:/Users/USSER/Desktop/Smart_manual_demo/MySmartManualSample_PC/Content/3DPixelArms/Materials/M_SkinShade2.uasset" 61
"C:/Users/USSER/Desktop/Smart_manual_demo/MySmartManualSample_PC/Content/3DPixelArms/Materials/M_SkinShade2.uexp" 62
"C:/Users/USSER/Desktop/Smart_manual_demo/MySmartManualSample_PC/Content/3DPixelArms/Meshes/UE4/SK_Mannequin_Skeleton.uasset" 63
"C:/Users/USSER/Desktop/Smart_manual_demo/MySmartManualSample_PC/Content/3DPixelArms/Meshes/UE4/SK_Mannequin_Skeleton.uexp" 64
"C:/Users/USSER/Desktop/Smart_manual_demo/MySmartManualSample_PC/Content/3DPixelArms/Meshes/UE4/SKM_PixelArm_UE4.uasset" 65
"C:/Users/USSER/Desktop/Smart_manual_demo/MySmartManualSample_PC/Content/3DPixelArms/Meshes/UE4/SKM_PixelArm_UE4.uexp" 66
"C:/Users/USSER/Desktop/Smart_manual_demo/MySmartManualSample_PC/Content/3DPixelArms/Rigs/IK_UE4_Mannequin.uasset" 67
"C:/Users/USSER/Desktop/Smart_manual_demo/MySmartManualSample_PC/Content/3DPixelArms/Rigs/IK_UE4_Mannequin.uexp" 68
"C:/Users/USSER/Desktop/Smart_manual_demo/MySmartManualSample_PC/Content/3DPixelArms/Rigs/RTG_UE5Manny_UE4Manny.uasset" 69
"C:/Users/USSER/Desktop/Smart_manual_demo/MySmartManualSample_PC/Content/3DPixelArms/Rigs/RTG_UE5Manny_UE4Manny.uexp" 70
"C:/Users/USSER/Desktop/Smart_manual_demo/MySmartManualSample_PC/Content/DankestThings_EnviroSense/Demo/Characters/Mannequins/Textures/Manny/T_Manny_01_N.ubulk" 71
"C:/Users/USSER/Desktop/Smart_manual_demo/MySmartManualSample_PC/Content/DankestThings_EnviroSense/Demo/Characters/Mannequins/Textures/Manny/T_Manny_01_N.uasset" 72
"C:/Users/USSER/Desktop/Smart_manual_demo/MySmartManualSample_PC/Content/DankestThings_EnviroSense/Demo/Characters/Mannequins/Textures/Manny/T_Manny_01_N.uexp" 73
"C:/Users/USSER/Desktop/Smart_manual_demo/MySmartManualSample_PC/Content/DankestThings_EnviroSense/Demo/Characters/Mannequins/Textures/Manny/T_Manny_01_D.ubulk" 74
"C:/Users/USSER/Desktop/Smart_manual_demo/MySmartManualSample_PC/Content/DankestThings_EnviroSense/Demo/Characters/Mannequins/Textures/Manny/T_Manny_01_D.uasset" 75
"C:/Users/USSER/Desktop/Smart_manual_demo/MySmartManualSample_PC/Content/DankestThings_EnviroSense/Demo/Characters/Mannequins/Textures/Manny/T_Manny_01_D.uexp" 76
"C:/Users/USSER/Desktop/Smart_manual_demo/MySmartManualSample_PC/Content/DankestThings_EnviroSense/Demo/Characters/Mannequins/Textures/Manny/T_Manny_01_Tan.ubulk" 77
"C:/Users/USSER/Desktop/Smart_manual_demo/MySmartManualSample_PC/Content/DankestThings_EnviroSense/Demo/Characters/Mannequins/Textures/Manny/T_Manny_01_Tan.uasset" 78
"C:/Users/USSER/Desktop/Smart_manual_demo/MySmartManualSample_PC/Content/DankestThings_EnviroSense/Demo/Characters/Mannequins/Textures/Manny/T_Manny_01_Tan.uexp" 79
"C:/Users/USSER/Desktop/Smart_manual_demo/MySmartManualSample_PC/Content/DankestThings_EnviroSense/Demo/Characters/Mannequins/Textures/Manny/T_Manny_01_BN.ubulk" 80
"C:/Users/USSER/Desktop/Smart_manual_demo/MySmartManualSample_PC/Content/DankestThings_EnviroSense/Demo/Characters/Mannequins/Textures/Manny/T_Manny_01_BN.uasset" 81
"C:/Users/USSER/Desktop/Smart_manual_demo/MySmartManualSample_PC/Content/DankestThings_EnviroSense/Demo/Characters/Mannequins/Textures/Manny/T_Manny_01_BN.uexp" 82
"C:/Users/USSER/Desktop/Smart_manual_demo/MySmartManualSample_PC/Content/DankestThings_EnviroSense/Demo/Characters/Mannequins/Textures/Manny/T_Manny_01_ASAOPMASK_MSK.ubulk" 83
"C:/Users/USSER/Desktop/Smart_manual_demo/MySmartManualSample_PC/Content/DankestThings_EnviroSense/Demo/Characters/Mannequins/Textures/Manny/T_Manny_01_ASAOPMASK_MSK.uasset" 84
"C:/Users/USSER/Desktop/Smart_manual_demo/MySmartManualSample_PC/Content/DankestThings_EnviroSense/Demo/Characters/Mannequins/Textures/Manny/T_Manny_01_ASAOPMASK_MSK.uexp" 85
"C:/Users/USSER/Desktop/Smart_manual_demo/MySmartManualSample_PC/Content/DankestThings_EnviroSense/Demo/Characters/Mannequins/Textures/Manny/T_Manny_01_MSR_MSK.ubulk" 86
"C:/Users/USSER/Desktop/Smart_manual_demo/MySmartManualSample_PC/Content/DankestThings_EnviroSense/Demo/Characters/Mannequins/Textures/Manny/T_Manny_01_MSR_MSK.uasset" 87
"C:/Users/USSER/Desktop/Smart_manual_demo/MySmartManualSample_PC/Content/DankestThings_EnviroSense/Demo/Characters/Mannequins/Textures/Manny/T_Manny_01_MSR_MSK.uexp" 88
"C:/Users/USSER/Desktop/Smart_manual_demo/MySmartManualSample_PC/Content/DankestThings_EnviroSense/Demo/Characters/Mannequins/Materials/Functions/ChromaticCurve.uasset" 89
"C:/Users/USSER/Desktop/Smart_manual_demo/MySmartManualSample_PC/Content/DankestThings_EnviroSense/Demo/Characters/Mannequins/Materials/Functions/ChromaticCurve.uexp" 90
"C:/Users/USSER/Desktop/Smart_manual_demo/MySmartManualSample_PC/Content/DankestThings_EnviroSense/Demo/Characters/Mannequins/Materials/Functions/CA_Mannequin.uasset" 91
"C:/Users/USSER/Desktop/Smart_manual_demo/MySmartManualSample_PC/Content/DankestThings_EnviroSense/Demo/Characters/Mannequins/Materials/Functions/CA_Mannequin.uexp" 92
"C:/Users/USSER/Desktop/Smart_manual_demo/MySmartManualSample_PC/Content/DankestThings_EnviroSense/Demo/Characters/Mannequins/Materials/Functions/MF_Diffraction.uasset" 93
"C:/Users/USSER/Desktop/Smart_manual_demo/MySmartManualSample_PC/Content/DankestThings_EnviroSense/Demo/Characters/Mannequins/Materials/Functions/MF_Diffraction.uexp" 94
"C:/Users/USSER/Desktop/Smart_manual_demo/MySmartManualSample_PC/Content/DankestThings_EnviroSense/Demo/Characters/Mannequins/Materials/Functions/ML_BaseColorFallOff.uasset" 95
"C:/Users/USSER/Desktop/Smart_manual_demo/MySmartManualSample_PC/Content/DankestThings_EnviroSense/Demo/Characters/Mannequins/Materials/Functions/ML_BaseColorFallOff.uexp" 96
"C:/Users/USSER/Desktop/Smart_manual_demo/MySmartManualSample_PC/Content/DankestThings_EnviroSense/Demo/Characters/Mannequins/Textures/Manny/T_Manny_01_CCRCCPlastic_MSK.ubulk" 97
"C:/Users/USSER/Desktop/Smart_manual_demo/MySmartManualSample_PC/Content/DankestThings_EnviroSense/Demo/Characters/Mannequins/Textures/Manny/T_Manny_01_CCRCCPlastic_MSK.uasset" 98
"C:/Users/USSER/Desktop/Smart_manual_demo/MySmartManualSample_PC/Content/DankestThings_EnviroSense/Demo/Characters/Mannequins/Textures/Manny/T_Manny_01_CCRCCPlastic_MSK.uexp" 99
"C:/Users/USSER/Desktop/Smart_manual_demo/MySmartManualSample_PC/Content/DankestThings_EnviroSense/Demo/Characters/Mannequins/Textures/Shared/T_UE_Logo_M.uasset" 100
"C:/Users/USSER/Desktop/Smart_manual_demo/MySmartManualSample_PC/Content/DankestThings_EnviroSense/Demo/Characters/Mannequins/Textures/Shared/T_UE_Logo_M.uexp" 101
"../../../Engine/Content/Functions/Engine_MaterialFunctions02/Utility/BreakOutFloat2Components.uasset" 102
"../../../Engine/Content/Functions/Engine_MaterialFunctions02/Utility/BreakOutFloat2Components.uexp" 103
"../../../Engine/Content/Functions/Engine_MaterialFunctions01/Texturing/ScaleUVsByCenter.uasset" 104
"../../../Engine/Content/Functions/Engine_MaterialFunctions01/Texturing/ScaleUVsByCenter.uexp" 105
"C:/Users/USSER/Desktop/Smart_manual_demo/MySmartManualSample_PC/Content/DankestThings_EnviroSense/Demo/Characters/Mannequins/Materials/Functions/MF_logo3layers.uasset" 106
"C:/Users/USSER/Desktop/Smart_manual_demo/MySmartManualSample_PC/Content/DankestThings_EnviroSense/Demo/Characters/Mannequins/Materials/Functions/MF_logo3layers.uexp" 107
"C:/Users/USSER/Desktop/Smart_manual_demo/MySmartManualSample_PC/Content/DankestThings_EnviroSense/Demo/Characters/Mannequins/Materials/M_Mannequin.uasset" 108
"C:/Users/USSER/Desktop/Smart_manual_demo/MySmartManualSample_PC/Content/DankestThings_EnviroSense/Demo/Characters/Mannequins/Materials/M_Mannequin.uexp" 109
"C:/Users/USSER/Desktop/Smart_manual_demo/MySmartManualSample_PC/Content/DankestThings_EnviroSense/Demo/Characters/Mannequins/Materials/Instances/Manny/MI_Manny_01.uasset" 110
"C:/Users/USSER/Desktop/Smart_manual_demo/MySmartManualSample_PC/Content/DankestThings_EnviroSense/Demo/Characters/Mannequins/Materials/Instances/Manny/MI_Manny_01.uexp" 111
"C:/Users/USSER/Desktop/Smart_manual_demo/MySmartManualSample_PC/Content/DankestThings_EnviroSense/Demo/Characters/Mannequins/Meshes/SK_Mannequin.uasset" 112
"C:/Users/USSER/Desktop/Smart_manual_demo/MySmartManualSample_PC/Content/DankestThings_EnviroSense/Demo/Characters/Mannequins/Meshes/SK_Mannequin.uexp" 113
"C:/Users/USSER/Desktop/Smart_manual_demo/MySmartManualSample_PC/Content/DankestThings_EnviroSense/Demo/Characters/Mannequins/Rigs/PA_Mannequin.uasset" 114
"C:/Users/USSER/Desktop/Smart_manual_demo/MySmartManualSample_PC/Content/DankestThings_EnviroSense/Demo/Characters/Mannequins/Rigs/PA_Mannequin.uexp" 115
"C:/Users/USSER/Desktop/Smart_manual_demo/MySmartManualSample_PC/Content/DankestThings_EnviroSense/Demo/Characters/Mannequins/Textures/Manny/T_Manny_02_D.ubulk" 116
"C:/Users/USSER/Desktop/Smart_manual_demo/MySmartManualSample_PC/Content/DankestThings_EnviroSense/Demo/Characters/Mannequins/Textures/Manny/T_Manny_02_D.uasset" 117
"C:/Users/USSER/Desktop/Smart_manual_demo/MySmartManualSample_PC/Content/DankestThings_EnviroSense/Demo/Characters/Mannequins/Textures/Manny/T_Manny_02_D.uexp" 118
"C:/Users/USSER/Desktop/Smart_manual_demo/MySmartManualSample_PC/Content/DankestThings_EnviroSense/Demo/Characters/Mannequins/Textures/Manny/T_Manny_02_ASAOPMASK_MSK.ubulk" 119
"C:/Users/USSER/Desktop/Smart_manual_demo/MySmartManualSample_PC/Content/DankestThings_EnviroSense/Demo/Characters/Mannequins/Textures/Manny/T_Manny_02_ASAOPMASK_MSK.uasset" 120
"C:/Users/USSER/Desktop/Smart_manual_demo/MySmartManualSample_PC/Content/DankestThings_EnviroSense/Demo/Characters/Mannequins/Textures/Manny/T_Manny_02_ASAOPMASK_MSK.uexp" 121
"C:/Users/USSER/Desktop/Smart_manual_demo/MySmartManualSample_PC/Content/DankestThings_EnviroSense/Demo/Characters/Mannequins/Textures/Manny/T_Manny_02_MSR_MSK.ubulk" 122
"C:/Users/USSER/Desktop/Smart_manual_demo/MySmartManualSample_PC/Content/DankestThings_EnviroSense/Demo/Characters/Mannequins/Textures/Manny/T_Manny_02_MSR_MSK.uasset" 123
"C:/Users/USSER/Desktop/Smart_manual_demo/MySmartManualSample_PC/Content/DankestThings_EnviroSense/Demo/Characters/Mannequins/Textures/Manny/T_Manny_02_MSR_MSK.uexp" 124
"C:/Users/USSER/Desktop/Smart_manual_demo/MySmartManualSample_PC/Content/DankestThings_EnviroSense/Demo/Characters/Mannequins/Textures/Manny/T_Manny_02_N.ubulk" 125
"C:/Users/USSER/Desktop/Smart_manual_demo/MySmartManualSample_PC/Content/DankestThings_EnviroSense/Demo/Characters/Mannequins/Textures/Manny/T_Manny_02_N.uasset" 126
"C:/Users/USSER/Desktop/Smart_manual_demo/MySmartManualSample_PC/Content/DankestThings_EnviroSense/Demo/Characters/Mannequins/Textures/Manny/T_Manny_02_N.uexp" 127
"C:/Users/USSER/Desktop/Smart_manual_demo/MySmartManualSample_PC/Content/DankestThings_EnviroSense/Demo/Characters/Mannequins/Textures/Manny/T_Manny_02_CCRCCPlastic_MSK.ubulk" 128
"C:/Users/USSER/Desktop/Smart_manual_demo/MySmartManualSample_PC/Content/DankestThings_EnviroSense/Demo/Characters/Mannequins/Textures/Manny/T_Manny_02_CCRCCPlastic_MSK.uasset" 129
"C:/Users/USSER/Desktop/Smart_manual_demo/MySmartManualSample_PC/Content/DankestThings_EnviroSense/Demo/Characters/Mannequins/Textures/Manny/T_Manny_02_CCRCCPlastic_MSK.uexp" 130
"C:/Users/USSER/Desktop/Smart_manual_demo/MySmartManualSample_PC/Content/DankestThings_EnviroSense/Demo/Characters/Mannequins/Textures/Manny/T_Manny_02_BN.ubulk" 131
"C:/Users/USSER/Desktop/Smart_manual_demo/MySmartManualSample_PC/Content/DankestThings_EnviroSense/Demo/Characters/Mannequins/Textures/Manny/T_Manny_02_BN.uasset" 132
"C:/Users/USSER/Desktop/Smart_manual_demo/MySmartManualSample_PC/Content/DankestThings_EnviroSense/Demo/Characters/Mannequins/Textures/Manny/T_Manny_02_BN.uexp" 133
"C:/Users/USSER/Desktop/Smart_manual_demo/MySmartManualSample_PC/Content/DankestThings_EnviroSense/Demo/Characters/Mannequins/Textures/Manny/T_Manny_02_Tan.ubulk" 134
"C:/Users/USSER/Desktop/Smart_manual_demo/MySmartManualSample_PC/Content/DankestThings_EnviroSense/Demo/Characters/Mannequins/Textures/Manny/T_Manny_02_Tan.uasset" 135
"C:/Users/USSER/Desktop/Smart_manual_demo/MySmartManualSample_PC/Content/DankestThings_EnviroSense/Demo/Characters/Mannequins/Textures/Manny/T_Manny_02_Tan.uexp" 136
"C:/Users/USSER/Desktop/Smart_manual_demo/MySmartManualSample_PC/Content/DankestThings_EnviroSense/Demo/Characters/Mannequins/Materials/Instances/Manny/MI_Manny_02.uasset" 137
"C:/Users/USSER/Desktop/Smart_manual_demo/MySmartManualSample_PC/Content/DankestThings_EnviroSense/Demo/Characters/Mannequins/Materials/Instances/Manny/MI_Manny_02.uexp" 138
"C:/Users/USSER/Desktop/Smart_manual_demo/MySmartManualSample_PC/Content/DankestThings_EnviroSense/Demo/Characters/Mannequins/Meshes/SKM_Manny_Simple.uasset" 139
"C:/Users/USSER/Desktop/Smart_manual_demo/MySmartManualSample_PC/Content/DankestThings_EnviroSense/Demo/Characters/Mannequins/Meshes/SKM_Manny_Simple.uexp" 140
"../../../Engine/Content/Animation/DefaultAnimCurveCompressionSettings.uasset" 141
"../../../Engine/Content/Animation/DefaultAnimCurveCompressionSettings.uexp" 142
"../../../Engine/Content/Animation/DefaultAnimBoneCompressionSettings.uasset" 143
"../../../Engine/Content/Animation/DefaultAnimBoneCompressionSettings.uexp" 144
"C:/Users/USSER/Desktop/Smart_manual_demo/MySmartManualSample_PC/Content/DankestThings_EnviroSense/Demo/Characters/Mannequins/Rigs/Poses/Manny/Manny_upperarm_l_anim.uasset" 145
"C:/Users/USSER/Desktop/Smart_manual_demo/MySmartManualSample_PC/Content/DankestThings_EnviroSense/Demo/Characters/Mannequins/Rigs/Poses/Manny/Manny_upperarm_l_anim.m.ubulk" 146
"C:/Users/USSER/Desktop/Smart_manual_demo/MySmartManualSample_PC/Content/DankestThings_EnviroSense/Demo/Characters/Mannequins/Rigs/Poses/Manny/Manny_upperarm_l_anim.uexp" 147
"C:/Users/USSER/Desktop/Smart_manual_demo/MySmartManualSample_PC/Content/DankestThings_EnviroSense/Demo/Characters/Mannequins/Rigs/Poses/Manny/Manny_upperarm_l_pose.uasset" 148
"C:/Users/USSER/Desktop/Smart_manual_demo/MySmartManualSample_PC/Content/DankestThings_EnviroSense/Demo/Characters/Mannequins/Rigs/Poses/Manny/Manny_upperarm_l_pose.uexp" 149
"C:/Users/USSER/Desktop/Smart_manual_demo/MySmartManualSample_PC/Content/DankestThings_EnviroSense/Demo/Characters/Mannequins/Rigs/Poses/Manny/Manny_foot_l_anim.uasset" 150
"C:/Users/USSER/Desktop/Smart_manual_demo/MySmartManualSample_PC/Content/DankestThings_EnviroSense/Demo/Characters/Mannequins/Rigs/Poses/Manny/Manny_foot_l_anim.m.ubulk" 151
"C:/Users/USSER/Desktop/Smart_manual_demo/MySmartManualSample_PC/Content/DankestThings_EnviroSense/Demo/Characters/Mannequins/Rigs/Poses/Manny/Manny_foot_l_anim.uexp" 152
"C:/Users/USSER/Desktop/Smart_manual_demo/MySmartManualSample_PC/Content/DankestThings_EnviroSense/Demo/Characters/Mannequins/Rigs/Poses/Manny/Manny_foot_l_pose.uasset" 153
"C:/Users/USSER/Desktop/Smart_manual_demo/MySmartManualSample_PC/Content/DankestThings_EnviroSense/Demo/Characters/Mannequins/Rigs/Poses/Manny/Manny_foot_l_pose.uexp" 154
"C:/Users/USSER/Desktop/Smart_manual_demo/MySmartManualSample_PC/Content/DankestThings_EnviroSense/Demo/Characters/Mannequins/Rigs/Poses/Manny/Manny_clavicle_r_anim.uasset" 155
"C:/Users/USSER/Desktop/Smart_manual_demo/MySmartManualSample_PC/Content/DankestThings_EnviroSense/Demo/Characters/Mannequins/Rigs/Poses/Manny/Manny_clavicle_r_anim.m.ubulk" 156
"C:/Users/USSER/Desktop/Smart_manual_demo/MySmartManualSample_PC/Content/DankestThings_EnviroSense/Demo/Characters/Mannequins/Rigs/Poses/Manny/Manny_clavicle_r_anim.uexp" 157
"C:/Users/USSER/Desktop/Smart_manual_demo/MySmartManualSample_PC/Content/DankestThings_EnviroSense/Demo/Characters/Mannequins/Rigs/Poses/Manny/Manny_clavicle_r_pose.uasset" 158
"C:/Users/USSER/Desktop/Smart_manual_demo/MySmartManualSample_PC/Content/DankestThings_EnviroSense/Demo/Characters/Mannequins/Rigs/Poses/Manny/Manny_clavicle_r_pose.uexp" 159
"C:/Users/USSER/Desktop/Smart_manual_demo/MySmartManualSample_PC/Content/DankestThings_EnviroSense/Demo/Characters/Mannequins/Rigs/Poses/Manny/Manny_thigh_r_anim.uasset" 160
"C:/Users/USSER/Desktop/Smart_manual_demo/MySmartManualSample_PC/Content/DankestThings_EnviroSense/Demo/Characters/Mannequins/Rigs/Poses/Manny/Manny_thigh_r_anim.m.ubulk" 161
"C:/Users/USSER/Desktop/Smart_manual_demo/MySmartManualSample_PC/Content/DankestThings_EnviroSense/Demo/Characters/Mannequins/Rigs/Poses/Manny/Manny_thigh_r_anim.uexp" 162
"C:/Users/USSER/Desktop/Smart_manual_demo/MySmartManualSample_PC/Content/DankestThings_EnviroSense/Demo/Characters/Mannequins/Rigs/Poses/Manny/Manny_thigh_r_pose.uasset" 163
"C:/Users/USSER/Desktop/Smart_manual_demo/MySmartManualSample_PC/Content/DankestThings_EnviroSense/Demo/Characters/Mannequins/Rigs/Poses/Manny/Manny_thigh_r_pose.uexp" 164
"../../../Engine/Plugins/Animation/ControlRig/Content/Controls/DefaultGizmoLibrary.uasset" 165
"../../../Engine/Plugins/Animation/ControlRig/Content/Controls/DefaultGizmoLibrary.uexp" 166
"C:/Users/USSER/Desktop/Smart_manual_demo/MySmartManualSample_PC/Content/DankestThings_EnviroSense/Demo/Characters/Mannequins/Rigs/CR_Mannequin_Procedural.uasset" 167
"C:/Users/USSER/Desktop/Smart_manual_demo/MySmartManualSample_PC/Content/DankestThings_EnviroSense/Demo/Characters/Mannequins/Rigs/CR_Mannequin_Procedural.uexp" 168
"C:/Users/USSER/Desktop/Smart_manual_demo/MySmartManualSample_PC/Content/DankestThings_EnviroSense/Demo/Characters/Mannequins/Rigs/Poses/Manny/Manny_calf_r_anim.uasset" 169
"C:/Users/USSER/Desktop/Smart_manual_demo/MySmartManualSample_PC/Content/DankestThings_EnviroSense/Demo/Characters/Mannequins/Rigs/Poses/Manny/Manny_calf_r_anim.m.ubulk" 170
"C:/Users/USSER/Desktop/Smart_manual_demo/MySmartManualSample_PC/Content/DankestThings_EnviroSense/Demo/Characters/Mannequins/Rigs/Poses/Manny/Manny_calf_r_anim.uexp" 171
"C:/Users/USSER/Desktop/Smart_manual_demo/MySmartManualSample_PC/Content/DankestThings_EnviroSense/Demo/Characters/Mannequins/Rigs/Poses/Manny/Manny_calf_r_pose.uasset" 172
"C:/Users/USSER/Desktop/Smart_manual_demo/MySmartManualSample_PC/Content/DankestThings_EnviroSense/Demo/Characters/Mannequins/Rigs/Poses/Manny/Manny_calf_r_pose.uexp" 173
"C:/Users/USSER/Desktop/Smart_manual_demo/MySmartManualSample_PC/Content/DankestThings_EnviroSense/Demo/Characters/Mannequins/Rigs/Poses/Manny/Manny_hand_l_anim.uasset" 174
"C:/Users/USSER/Desktop/Smart_manual_demo/MySmartManualSample_PC/Content/DankestThings_EnviroSense/Demo/Characters/Mannequins/Rigs/Poses/Manny/Manny_hand_l_anim.m.ubulk" 175
"C:/Users/USSER/Desktop/Smart_manual_demo/MySmartManualSample_PC/Content/DankestThings_EnviroSense/Demo/Characters/Mannequins/Rigs/Poses/Manny/Manny_hand_l_anim.uexp" 176
"C:/Users/USSER/Desktop/Smart_manual_demo/MySmartManualSample_PC/Content/DankestThings_EnviroSense/Demo/Characters/Mannequins/Rigs/Poses/Manny/Manny_hand_l_pose.uasset" 177
"C:/Users/USSER/Desktop/Smart_manual_demo/MySmartManualSample_PC/Content/DankestThings_EnviroSense/Demo/Characters/Mannequins/Rigs/Poses/Manny/Manny_hand_l_pose.uexp" 178
"C:/Users/USSER/Desktop/Smart_manual_demo/MySmartManualSample_PC/Content/DankestThings_EnviroSense/Demo/Characters/Mannequins/Rigs/Poses/Manny/Manny_lowerarm_l_anim.uasset" 179
"C:/Users/USSER/Desktop/Smart_manual_demo/MySmartManualSample_PC/Content/DankestThings_EnviroSense/Demo/Characters/Mannequins/Rigs/Poses/Manny/Manny_lowerarm_l_anim.m.ubulk" 180
"C:/Users/USSER/Desktop/Smart_manual_demo/MySmartManualSample_PC/Content/DankestThings_EnviroSense/Demo/Characters/Mannequins/Rigs/Poses/Manny/Manny_lowerarm_l_anim.uexp" 181
"C:/Users/USSER/Desktop/Smart_manual_demo/MySmartManualSample_PC/Content/DankestThings_EnviroSense/Demo/Characters/Mannequins/Rigs/Poses/Manny/Manny_lowerarm_l_pose.uasset" 182
"C:/Users/USSER/Desktop/Smart_manual_demo/MySmartManualSample_PC/Content/DankestThings_EnviroSense/Demo/Characters/Mannequins/Rigs/Poses/Manny/Manny_lowerarm_l_pose.uexp" 183
"C:/Users/USSER/Desktop/Smart_manual_demo/MySmartManualSample_PC/Content/DankestThings_EnviroSense/Demo/Characters/Mannequins/Rigs/Poses/Manny/Manny_calf_l_anim.uasset" 184
"C:/Users/USSER/Desktop/Smart_manual_demo/MySmartManualSample_PC/Content/DankestThings_EnviroSense/Demo/Characters/Mannequins/Rigs/Poses/Manny/Manny_calf_l_anim.m.ubulk" 185
"C:/Users/USSER/Desktop/Smart_manual_demo/MySmartManualSample_PC/Content/DankestThings_EnviroSense/Demo/Characters/Mannequins/Rigs/Poses/Manny/Manny_calf_l_anim.uexp" 186
"C:/Users/USSER/Desktop/Smart_manual_demo/MySmartManualSample_PC/Content/DankestThings_EnviroSense/Demo/Characters/Mannequins/Rigs/Poses/Manny/Manny_calf_l_pose.uasset" 187
"C:/Users/USSER/Desktop/Smart_manual_demo/MySmartManualSample_PC/Content/DankestThings_EnviroSense/Demo/Characters/Mannequins/Rigs/Poses/Manny/Manny_calf_l_pose.uexp" 188
"C:/Users/USSER/Desktop/Smart_manual_demo/MySmartManualSample_PC/Content/DankestThings_EnviroSense/Demo/Characters/Mannequins/Rigs/Poses/Manny/Manny_thigh_l_anim.uasset" 189
"C:/Users/USSER/Desktop/Smart_manual_demo/MySmartManualSample_PC/Content/DankestThings_EnviroSense/Demo/Characters/Mannequins/Rigs/Poses/Manny/Manny_thigh_l_anim.m.ubulk" 190
"C:/Users/USSER/Desktop/Smart_manual_demo/MySmartManualSample_PC/Content/DankestThings_EnviroSense/Demo/Characters/Mannequins/Rigs/Poses/Manny/Manny_thigh_l_anim.uexp" 191
"C:/Users/USSER/Desktop/Smart_manual_demo/MySmartManualSample_PC/Content/DankestThings_EnviroSense/Demo/Characters/Mannequins/Rigs/Poses/Manny/Manny_thigh_l_pose.uasset" 192
"C:/Users/USSER/Desktop/Smart_manual_demo/MySmartManualSample_PC/Content/DankestThings_EnviroSense/Demo/Characters/Mannequins/Rigs/Poses/Manny/Manny_thigh_l_pose.uexp" 193
"C:/Users/USSER/Desktop/Smart_manual_demo/MySmartManualSample_PC/Content/DankestThings_EnviroSense/Demo/Characters/Mannequins/Rigs/Poses/Manny/Manny_upperarm_r_anim.uasset" 194
"C:/Users/USSER/Desktop/Smart_manual_demo/MySmartManualSample_PC/Content/DankestThings_EnviroSense/Demo/Characters/Mannequins/Rigs/Poses/Manny/Manny_upperarm_r_anim.m.ubulk" 195
"C:/Users/USSER/Desktop/Smart_manual_demo/MySmartManualSample_PC/Content/DankestThings_EnviroSense/Demo/Characters/Mannequins/Rigs/Poses/Manny/Manny_upperarm_r_anim.uexp" 196
"C:/Users/USSER/Desktop/Smart_manual_demo/MySmartManualSample_PC/Content/DankestThings_EnviroSense/Demo/Characters/Mannequins/Rigs/Poses/Manny/Manny_upperarm_r_pose.uasset" 197
"C:/Users/USSER/Desktop/Smart_manual_demo/MySmartManualSample_PC/Content/DankestThings_EnviroSense/Demo/Characters/Mannequins/Rigs/Poses/Manny/Manny_upperarm_r_pose.uexp" 198
"C:/Users/USSER/Desktop/Smart_manual_demo/MySmartManualSample_PC/Content/DankestThings_EnviroSense/Demo/Characters/Mannequins/Rigs/Poses/Manny/Manny_hand_r_anim.uasset" 199
"C:/Users/USSER/Desktop/Smart_manual_demo/MySmartManualSample_PC/Content/DankestThings_EnviroSense/Demo/Characters/Mannequins/Rigs/Poses/Manny/Manny_hand_r_anim.m.ubulk" 200
"C:/Users/USSER/Desktop/Smart_manual_demo/MySmartManualSample_PC/Content/DankestThings_EnviroSense/Demo/Characters/Mannequins/Rigs/Poses/Manny/Manny_hand_r_anim.uexp" 201
"C:/Users/USSER/Desktop/Smart_manual_demo/MySmartManualSample_PC/Content/DankestThings_EnviroSense/Demo/Characters/Mannequins/Rigs/Poses/Manny/Manny_hand_r_pose.uasset" 202
"C:/Users/USSER/Desktop/Smart_manual_demo/MySmartManualSample_PC/Content/DankestThings_EnviroSense/Demo/Characters/Mannequins/Rigs/Poses/Manny/Manny_hand_r_pose.uexp" 203
"C:/Users/USSER/Desktop/Smart_manual_demo/MySmartManualSample_PC/Content/DankestThings_EnviroSense/Demo/Characters/Mannequins/Rigs/Poses/Manny/Manny_foot_r_anim.uasset" 204
"C:/Users/USSER/Desktop/Smart_manual_demo/MySmartManualSample_PC/Content/DankestThings_EnviroSense/Demo/Characters/Mannequins/Rigs/Poses/Manny/Manny_foot_r_anim.m.ubulk" 205
"C:/Users/USSER/Desktop/Smart_manual_demo/MySmartManualSample_PC/Content/DankestThings_EnviroSense/Demo/Characters/Mannequins/Rigs/Poses/Manny/Manny_foot_r_anim.uexp" 206
"C:/Users/USSER/Desktop/Smart_manual_demo/MySmartManualSample_PC/Content/DankestThings_EnviroSense/Demo/Characters/Mannequins/Rigs/Poses/Manny/Manny_foot_r_pose.uasset" 207
"C:/Users/USSER/Desktop/Smart_manual_demo/MySmartManualSample_PC/Content/DankestThings_EnviroSense/Demo/Characters/Mannequins/Rigs/Poses/Manny/Manny_foot_r_pose.uexp" 208
"C:/Users/USSER/Desktop/Smart_manual_demo/MySmartManualSample_PC/Content/DankestThings_EnviroSense/Demo/Characters/Mannequins/Rigs/Poses/Manny/Manny_clavicle_l_anim.uasset" 209
"C:/Users/USSER/Desktop/Smart_manual_demo/MySmartManualSample_PC/Content/DankestThings_EnviroSense/Demo/Characters/Mannequins/Rigs/Poses/Manny/Manny_clavicle_l_anim.m.ubulk" 210
"C:/Users/USSER/Desktop/Smart_manual_demo/MySmartManualSample_PC/Content/DankestThings_EnviroSense/Demo/Characters/Mannequins/Rigs/Poses/Manny/Manny_clavicle_l_anim.uexp" 211
"C:/Users/USSER/Desktop/Smart_manual_demo/MySmartManualSample_PC/Content/DankestThings_EnviroSense/Demo/Characters/Mannequins/Rigs/Poses/Manny/Manny_clavicle_l_pose.uasset" 212
"C:/Users/USSER/Desktop/Smart_manual_demo/MySmartManualSample_PC/Content/DankestThings_EnviroSense/Demo/Characters/Mannequins/Rigs/Poses/Manny/Manny_clavicle_l_pose.uexp" 213
"C:/Users/USSER/Desktop/Smart_manual_demo/MySmartManualSample_PC/Content/DankestThings_EnviroSense/Demo/Characters/Mannequins/Rigs/Poses/Manny/Manny_lowerarm_r_anim.uasset" 214
"C:/Users/USSER/Desktop/Smart_manual_demo/MySmartManualSample_PC/Content/DankestThings_EnviroSense/Demo/Characters/Mannequins/Rigs/Poses/Manny/Manny_lowerarm_r_anim.m.ubulk" 215
"C:/Users/USSER/Desktop/Smart_manual_demo/MySmartManualSample_PC/Content/DankestThings_EnviroSense/Demo/Characters/Mannequins/Rigs/Poses/Manny/Manny_lowerarm_r_anim.uexp" 216
"C:/Users/USSER/Desktop/Smart_manual_demo/MySmartManualSample_PC/Content/DankestThings_EnviroSense/Demo/Characters/Mannequins/Rigs/Poses/Manny/Manny_lowerarm_r_pose.uasset" 217
"C:/Users/USSER/Desktop/Smart_manual_demo/MySmartManualSample_PC/Content/DankestThings_EnviroSense/Demo/Characters/Mannequins/Rigs/Poses/Manny/Manny_lowerarm_r_pose.uexp" 218
"C:/Users/USSER/Desktop/Smart_manual_demo/MySmartManualSample_PC/Content/DankestThings_EnviroSense/Demo/Characters/Mannequins/Rigs/ABP_Manny_PostProcess.uasset" 219
"C:/Users/USSER/Desktop/Smart_manual_demo/MySmartManualSample_PC/Content/DankestThings_EnviroSense/Demo/Characters/Mannequins/Rigs/ABP_Manny_PostProcess.uexp" 220
"C:/Users/USSER/Desktop/Smart_manual_demo/MySmartManualSample_PC/Content/DankestThings_EnviroSense/Demo/Characters/Mannequins/Meshes/SKM_Manny.uasset" 221
"C:/Users/USSER/Desktop/Smart_manual_demo/MySmartManualSample_PC/Content/DankestThings_EnviroSense/Demo/Characters/Mannequins/Meshes/SKM_Manny.uexp" 222
"C:/Users/USSER/Desktop/Smart_manual_demo/MySmartManualSample_PC/Content/DankestThings_EnviroSense/Demo/Characters/Mannequins/Rigs/RTG_Mannequin.uasset" 223
"C:/Users/USSER/Desktop/Smart_manual_demo/MySmartManualSample_PC/Content/DankestThings_EnviroSense/Demo/Characters/Mannequins/Rigs/RTG_Mannequin.uexp" 224
"../../../Engine/Content/EditorResources/S_Actor.ubulk" 225
"../../../Engine/Content/EditorResources/S_Actor.uasset" 226
"../../../Engine/Content/EditorResources/S_Actor.uexp" 227
"C:/Users/USSER/Desktop/Smart_manual_demo/MySmartManualSample_PC/Content/Input/IA_Click.uasset" 228
"C:/Users/USSER/Desktop/Smart_manual_demo/MySmartManualSample_PC/Content/Input/IA_Click.uexp" 229
"C:/Users/USSER/Desktop/Smart_manual_demo/MySmartManualSample_PC/Content/Input/IA_Drag.uasset" 230
"C:/Users/USSER/Desktop/Smart_manual_demo/MySmartManualSample_PC/Content/Input/IA_Drag.uexp" 231
"C:/Users/USSER/Desktop/Smart_manual_demo/MySmartManualSample_PC/Content/FirstPerson/Input/Actions/IA_Look.uasset" 232
"C:/Users/USSER/Desktop/Smart_manual_demo/MySmartManualSample_PC/Content/FirstPerson/Input/Actions/IA_Look.uexp" 233
"C:/Users/USSER/Desktop/Smart_manual_demo/MySmartManualSample_PC/Content/3DPixelArms/Meshes/PHYS_PixelArm.uasset" 234
"C:/Users/USSER/Desktop/Smart_manual_demo/MySmartManualSample_PC/Content/3DPixelArms/Meshes/PHYS_PixelArm.uexp" 235
"C:/Users/USSER/Desktop/Smart_manual_demo/MySmartManualSample_PC/Content/3DPixelArms/Meshes/SK_Mannequin.uasset" 236
"C:/Users/USSER/Desktop/Smart_manual_demo/MySmartManualSample_PC/Content/3DPixelArms/Meshes/SK_Mannequin.uexp" 237
"C:/Users/USSER/Desktop/Smart_manual_demo/MySmartManualSample_PC/Content/3DPixelArms/Meshes/SKM_PixelArm.uasset" 238
"C:/Users/USSER/Desktop/Smart_manual_demo/MySmartManualSample_PC/Content/3DPixelArms/Meshes/SKM_PixelArm.uexp" 239
"C:/Users/USSER/Desktop/Smart_manual_demo/MySmartManualSample_PC/Content/Interact/Enum_Type.uasset" 240
"C:/Users/USSER/Desktop/Smart_manual_demo/MySmartManualSample_PC/Content/Interact/Enum_Type.uexp" 241
"C:/Users/USSER/Desktop/Smart_manual_demo/MySmartManualSample_PC/Content/Interact/BP_Interact_Actor.uasset" 242
"C:/Users/USSER/Desktop/Smart_manual_demo/MySmartManualSample_PC/Content/Interact/BP_Interact_Actor.uexp" 243
"C:/Users/USSER/Desktop/Smart_manual_demo/MySmartManualSample_PC/Content/FirstPerson/Input/Actions/IA_Move.uasset" 244
"C:/Users/USSER/Desktop/Smart_manual_demo/MySmartManualSample_PC/Content/FirstPerson/Input/Actions/IA_Move.uexp" 245
"C:/Users/USSER/Desktop/Smart_manual_demo/MySmartManualSample_PC/Content/FirstPersonArms/Character/Mesh/SK_Mannequin_Arms_Skeleton.uasset" 246
"C:/Users/USSER/Desktop/Smart_manual_demo/MySmartManualSample_PC/Content/FirstPersonArms/Character/Mesh/SK_Mannequin_Arms_Skeleton.uexp" 247
"C:/Users/USSER/Desktop/Smart_manual_demo/MySmartManualSample_PC/Content/FirstPersonArms/Animations/FP_Rifle_Idle.uasset" 248
"C:/Users/USSER/Desktop/Smart_manual_demo/MySmartManualSample_PC/Content/FirstPersonArms/Animations/FP_Rifle_Idle.m.ubulk" 249
"C:/Users/USSER/Desktop/Smart_manual_demo/MySmartManualSample_PC/Content/FirstPersonArms/Animations/FP_Rifle_Idle.uexp" 250
"C:/Users/USSER/Desktop/Smart_manual_demo/MySmartManualSample_PC/Content/FirstPersonArms/Animations/FP_Rifle_Land.uasset" 251
"C:/Users/USSER/Desktop/Smart_manual_demo/MySmartManualSample_PC/Content/FirstPersonArms/Animations/FP_Rifle_Land.m.ubulk" 252
"C:/Users/USSER/Desktop/Smart_manual_demo/MySmartManualSample_PC/Content/FirstPersonArms/Animations/FP_Rifle_Land.uexp" 253
"C:/Users/USSER/Desktop/Smart_manual_demo/MySmartManualSample_PC/Content/FirstPersonArms/Animations/FP_Rifle_Run.uasset" 254
"C:/Users/USSER/Desktop/Smart_manual_demo/MySmartManualSample_PC/Content/FirstPersonArms/Animations/FP_Rifle_Run.m.ubulk" 255
"C:/Users/USSER/Desktop/Smart_manual_demo/MySmartManualSample_PC/Content/FirstPersonArms/Animations/FP_Rifle_Run.uexp" 256
"C:/Users/USSER/Desktop/Smart_manual_demo/MySmartManualSample_PC/Content/FirstPersonArms/Animations/FP_Rifle_Falling.uasset" 257
"C:/Users/USSER/Desktop/Smart_manual_demo/MySmartManualSample_PC/Content/FirstPersonArms/Animations/FP_Rifle_Falling.m.ubulk" 258
"C:/Users/USSER/Desktop/Smart_manual_demo/MySmartManualSample_PC/Content/FirstPersonArms/Animations/FP_Rifle_Falling.uexp" 259
"../../../Engine/Content/Animation/DefaultRecorderBoneCompression.uasset" 260
"../../../Engine/Content/Animation/DefaultRecorderBoneCompression.uexp" 261
"C:/Users/USSER/Desktop/Smart_manual_demo/MySmartManualSample_PC/Content/FirstPersonArms/Animations/FP_Idle.uasset" 262
"C:/Users/USSER/Desktop/Smart_manual_demo/MySmartManualSample_PC/Content/FirstPersonArms/Animations/FP_Idle.m.ubulk" 263
"C:/Users/USSER/Desktop/Smart_manual_demo/MySmartManualSample_PC/Content/FirstPersonArms/Animations/FP_Idle.uexp" 264
"C:/Users/USSER/Desktop/Smart_manual_demo/MySmartManualSample_PC/Content/FirstPersonArms/Animations/FP_Jump.uasset" 265
"C:/Users/USSER/Desktop/Smart_manual_demo/MySmartManualSample_PC/Content/FirstPersonArms/Animations/FP_Jump.m.ubulk" 266
"C:/Users/USSER/Desktop/Smart_manual_demo/MySmartManualSample_PC/Content/FirstPersonArms/Animations/FP_Jump.uexp" 267
"C:/Users/USSER/Desktop/Smart_manual_demo/MySmartManualSample_PC/Content/FirstPersonArms/Animations/FP_Run_Fwd.uasset" 268
"C:/Users/USSER/Desktop/Smart_manual_demo/MySmartManualSample_PC/Content/FirstPersonArms/Animations/FP_Run_Fwd.m.ubulk" 269
"C:/Users/USSER/Desktop/Smart_manual_demo/MySmartManualSample_PC/Content/FirstPersonArms/Animations/FP_Run_Fwd.uexp" 270
"C:/Users/USSER/Desktop/Smart_manual_demo/MySmartManualSample_PC/Content/FirstPersonArms/Animations/FP_Land.uasset" 271
"C:/Users/USSER/Desktop/Smart_manual_demo/MySmartManualSample_PC/Content/FirstPersonArms/Animations/FP_Land.m.ubulk" 272
"C:/Users/USSER/Desktop/Smart_manual_demo/MySmartManualSample_PC/Content/FirstPersonArms/Animations/FP_Land.uexp" 273
"C:/Users/USSER/Desktop/Smart_manual_demo/MySmartManualSample_PC/Content/FirstPersonArms/Animations/FP_Falling.uasset" 274
"C:/Users/USSER/Desktop/Smart_manual_demo/MySmartManualSample_PC/Content/FirstPersonArms/Animations/FP_Falling.m.ubulk" 275
"C:/Users/USSER/Desktop/Smart_manual_demo/MySmartManualSample_PC/Content/FirstPersonArms/Animations/FP_Falling.uexp" 276
"../../../Engine/Content/Animation/DefaultVariableFrameStrippingSettings.uasset" 277
"../../../Engine/Content/Animation/DefaultVariableFrameStrippingSettings.uexp" 278
"C:/Users/USSER/Desktop/Smart_manual_demo/MySmartManualSample_PC/Content/FirstPersonArms/Animations/FP_Rifle_Jump.uasset" 279
"C:/Users/USSER/Desktop/Smart_manual_demo/MySmartManualSample_PC/Content/FirstPersonArms/Animations/FP_Rifle_Jump.m.ubulk" 280
"C:/Users/USSER/Desktop/Smart_manual_demo/MySmartManualSample_PC/Content/FirstPersonArms/Animations/FP_Rifle_Jump.uexp" 281
"C:/Users/USSER/Desktop/Smart_manual_demo/MySmartManualSample_PC/Content/FirstPersonArms/Character/Textures/Manny/T_Manny_02_N.ubulk" 282
"C:/Users/USSER/Desktop/Smart_manual_demo/MySmartManualSample_PC/Content/FirstPersonArms/Character/Textures/Manny/T_Manny_02_N.uasset" 283
"C:/Users/USSER/Desktop/Smart_manual_demo/MySmartManualSample_PC/Content/FirstPersonArms/Character/Textures/Manny/T_Manny_02_N.uexp" 284
"C:/Users/USSER/Desktop/Smart_manual_demo/MySmartManualSample_PC/Content/FirstPersonArms/Character/Textures/Manny/T_Manny_02_BN.ubulk" 285
"C:/Users/USSER/Desktop/Smart_manual_demo/MySmartManualSample_PC/Content/FirstPersonArms/Character/Textures/Manny/T_Manny_02_BN.uasset" 286
"C:/Users/USSER/Desktop/Smart_manual_demo/MySmartManualSample_PC/Content/FirstPersonArms/Character/Textures/Manny/T_Manny_02_BN.uexp" 287
"C:/Users/USSER/Desktop/Smart_manual_demo/MySmartManualSample_PC/Content/FirstPersonArms/Character/Textures/Manny/T_Manny_02_ASAOPMASK_MSK.ubulk" 288
"C:/Users/USSER/Desktop/Smart_manual_demo/MySmartManualSample_PC/Content/FirstPersonArms/Character/Textures/Manny/T_Manny_02_ASAOPMASK_MSK.uasset" 289
"C:/Users/USSER/Desktop/Smart_manual_demo/MySmartManualSample_PC/Content/FirstPersonArms/Character/Textures/Manny/T_Manny_02_ASAOPMASK_MSK.uexp" 290
"C:/Users/USSER/Desktop/Smart_manual_demo/MySmartManualSample_PC/Content/FirstPersonArms/Character/Textures/Manny/T_Manny_01_ASAOPMASK_MSK.ubulk" 291
"C:/Users/USSER/Desktop/Smart_manual_demo/MySmartManualSample_PC/Content/FirstPersonArms/Character/Textures/Manny/T_Manny_01_ASAOPMASK_MSK.uasset" 292
"C:/Users/USSER/Desktop/Smart_manual_demo/MySmartManualSample_PC/Content/FirstPersonArms/Character/Textures/Manny/T_Manny_01_ASAOPMASK_MSK.uexp" 293
"C:/Users/USSER/Desktop/Smart_manual_demo/MySmartManualSample_PC/Content/FirstPersonArms/Character/Textures/Manny/T_Manny_01_CCRCCPlastic_MSK.ubulk" 294
"C:/Users/USSER/Desktop/Smart_manual_demo/MySmartManualSample_PC/Content/FirstPersonArms/Character/Textures/Manny/T_Manny_01_CCRCCPlastic_MSK.uasset" 295
"C:/Users/USSER/Desktop/Smart_manual_demo/MySmartManualSample_PC/Content/FirstPersonArms/Character/Textures/Manny/T_Manny_01_CCRCCPlastic_MSK.uexp" 296
"C:/Users/USSER/Desktop/Smart_manual_demo/MySmartManualSample_PC/Content/FirstPersonArms/Character/Textures/Manny/T_Manny_01_Tan.ubulk" 297
"C:/Users/USSER/Desktop/Smart_manual_demo/MySmartManualSample_PC/Content/FirstPersonArms/Character/Textures/Manny/T_Manny_01_Tan.uasset" 298
"C:/Users/USSER/Desktop/Smart_manual_demo/MySmartManualSample_PC/Content/FirstPersonArms/Character/Textures/Manny/T_Manny_01_Tan.uexp" 299
"C:/Users/USSER/Desktop/Smart_manual_demo/MySmartManualSample_PC/Content/FirstPersonArms/Character/Textures/Manny/T_Manny_01_BN.ubulk" 300
"C:/Users/USSER/Desktop/Smart_manual_demo/MySmartManualSample_PC/Content/FirstPersonArms/Character/Textures/Manny/T_Manny_01_BN.uasset" 301
"C:/Users/USSER/Desktop/Smart_manual_demo/MySmartManualSample_PC/Content/FirstPersonArms/Character/Textures/Manny/T_Manny_01_BN.uexp" 302
"C:/Users/USSER/Desktop/Smart_manual_demo/MySmartManualSample_PC/Content/FirstPersonArms/Character/Textures/Manny/T_Manny_01_MSR_MSK.ubulk" 303
"C:/Users/USSER/Desktop/Smart_manual_demo/MySmartManualSample_PC/Content/FirstPersonArms/Character/Textures/Manny/T_Manny_01_MSR_MSK.uasset" 304
"C:/Users/USSER/Desktop/Smart_manual_demo/MySmartManualSample_PC/Content/FirstPersonArms/Character/Textures/Manny/T_Manny_01_MSR_MSK.uexp" 305
"C:/Users/USSER/Desktop/Smart_manual_demo/MySmartManualSample_PC/Content/FirstPersonArms/Character/Textures/Manny/T_Manny_01_N.ubulk" 306
"C:/Users/USSER/Desktop/Smart_manual_demo/MySmartManualSample_PC/Content/FirstPersonArms/Character/Textures/Manny/T_Manny_01_N.uasset" 307
"C:/Users/USSER/Desktop/Smart_manual_demo/MySmartManualSample_PC/Content/FirstPersonArms/Character/Textures/Manny/T_Manny_01_N.uexp" 308
"C:/Users/USSER/Desktop/Smart_manual_demo/MySmartManualSample_PC/Content/FirstPersonArms/Character/Textures/Manny/T_Manny_01_D.ubulk" 309
"C:/Users/USSER/Desktop/Smart_manual_demo/MySmartManualSample_PC/Content/FirstPersonArms/Character/Textures/Manny/T_Manny_01_D.uasset" 310
"C:/Users/USSER/Desktop/Smart_manual_demo/MySmartManualSample_PC/Content/FirstPersonArms/Character/Textures/Manny/T_Manny_01_D.uexp" 311
"C:/Users/USSER/Desktop/Smart_manual_demo/MySmartManualSample_PC/Content/FirstPersonArms/Character/Materials/Functions/ChromaticCurve.uasset" 312
"C:/Users/USSER/Desktop/Smart_manual_demo/MySmartManualSample_PC/Content/FirstPersonArms/Character/Materials/Functions/ChromaticCurve.uexp" 313
"C:/Users/USSER/Desktop/Smart_manual_demo/MySmartManualSample_PC/Content/FirstPersonArms/Character/Materials/Functions/CA_Mannequin.uasset" 314
"C:/Users/USSER/Desktop/Smart_manual_demo/MySmartManualSample_PC/Content/FirstPersonArms/Character/Materials/Functions/CA_Mannequin.uexp" 315
"C:/Users/USSER/Desktop/Smart_manual_demo/MySmartManualSample_PC/Content/FirstPersonArms/Character/Materials/Functions/MF_Diffraction.uasset" 316
"C:/Users/USSER/Desktop/Smart_manual_demo/MySmartManualSample_PC/Content/FirstPersonArms/Character/Materials/Functions/MF_Diffraction.uexp" 317
"C:/Users/USSER/Desktop/Smart_manual_demo/MySmartManualSample_PC/Content/FirstPersonArms/Character/Textures/Shared/T_UE_Logo_M.uasset" 318
"C:/Users/USSER/Desktop/Smart_manual_demo/MySmartManualSample_PC/Content/FirstPersonArms/Character/Textures/Shared/T_UE_Logo_M.uexp" 319
"C:/Users/USSER/Desktop/Smart_manual_demo/MySmartManualSample_PC/Content/FirstPersonArms/Character/Materials/Functions/MF_logo3layers.uasset" 320
"C:/Users/USSER/Desktop/Smart_manual_demo/MySmartManualSample_PC/Content/FirstPersonArms/Character/Materials/Functions/MF_logo3layers.uexp" 321
"C:/Users/USSER/Desktop/Smart_manual_demo/MySmartManualSample_PC/Content/FirstPersonArms/Character/Materials/Functions/ML_BaseColorFallOff.uasset" 322
"C:/Users/USSER/Desktop/Smart_manual_demo/MySmartManualSample_PC/Content/FirstPersonArms/Character/Materials/Functions/ML_BaseColorFallOff.uexp" 323
"C:/Users/USSER/Desktop/Smart_manual_demo/MySmartManualSample_PC/Content/FirstPersonArms/Character/Materials/M_Mannequin.uasset" 324
"C:/Users/USSER/Desktop/Smart_manual_demo/MySmartManualSample_PC/Content/FirstPersonArms/Character/Materials/M_Mannequin.uexp" 325
"C:/Users/USSER/Desktop/Smart_manual_demo/MySmartManualSample_PC/Content/FirstPersonArms/Character/Materials/Instances/Manny/MI_Manny_01.uasset" 326
"C:/Users/USSER/Desktop/Smart_manual_demo/MySmartManualSample_PC/Content/FirstPersonArms/Character/Materials/Instances/Manny/MI_Manny_01.uexp" 327
"C:/Users/USSER/Desktop/Smart_manual_demo/MySmartManualSample_PC/Content/FirstPersonArms/Character/Textures/Manny/T_Manny_02_CCRCCPlastic_MSK.ubulk" 328
"C:/Users/USSER/Desktop/Smart_manual_demo/MySmartManualSample_PC/Content/FirstPersonArms/Character/Textures/Manny/T_Manny_02_CCRCCPlastic_MSK.uasset" 329
"C:/Users/USSER/Desktop/Smart_manual_demo/MySmartManualSample_PC/Content/FirstPersonArms/Character/Textures/Manny/T_Manny_02_CCRCCPlastic_MSK.uexp" 330
"C:/Users/USSER/Desktop/Smart_manual_demo/MySmartManualSample_PC/Content/FirstPersonArms/Character/Textures/Manny/T_Manny_02_MSR_MSK.ubulk" 331
"C:/Users/USSER/Desktop/Smart_manual_demo/MySmartManualSample_PC/Content/FirstPersonArms/Character/Textures/Manny/T_Manny_02_MSR_MSK.uasset" 332
"C:/Users/USSER/Desktop/Smart_manual_demo/MySmartManualSample_PC/Content/FirstPersonArms/Character/Textures/Manny/T_Manny_02_MSR_MSK.uexp" 333
"C:/Users/USSER/Desktop/Smart_manual_demo/MySmartManualSample_PC/Content/FirstPersonArms/Character/Textures/Manny/T_Manny_02_D.ubulk" 334
"C:/Users/USSER/Desktop/Smart_manual_demo/MySmartManualSample_PC/Content/FirstPersonArms/Character/Textures/Manny/T_Manny_02_D.uasset" 335
"C:/Users/USSER/Desktop/Smart_manual_demo/MySmartManualSample_PC/Content/FirstPersonArms/Character/Textures/Manny/T_Manny_02_D.uexp" 336
"C:/Users/USSER/Desktop/Smart_manual_demo/MySmartManualSample_PC/Content/FirstPersonArms/Character/Textures/Manny/T_Manny_02_Tan.ubulk" 337
"C:/Users/USSER/Desktop/Smart_manual_demo/MySmartManualSample_PC/Content/FirstPersonArms/Character/Textures/Manny/T_Manny_02_Tan.uasset" 338
"C:/Users/USSER/Desktop/Smart_manual_demo/MySmartManualSample_PC/Content/FirstPersonArms/Character/Textures/Manny/T_Manny_02_Tan.uexp" 339
"C:/Users/USSER/Desktop/Smart_manual_demo/MySmartManualSample_PC/Content/FirstPersonArms/Character/Materials/Instances/Manny/MI_Manny_02.uasset" 340
"C:/Users/USSER/Desktop/Smart_manual_demo/MySmartManualSample_PC/Content/FirstPersonArms/Character/Materials/Instances/Manny/MI_Manny_02.uexp" 341
"C:/Users/USSER/Desktop/Smart_manual_demo/MySmartManualSample_PC/Content/FirstPersonArms/Character/Mesh/SK_Mannequin_Arms_PhysicsAsset.uasset" 342
"C:/Users/USSER/Desktop/Smart_manual_demo/MySmartManualSample_PC/Content/FirstPersonArms/Character/Mesh/SK_Mannequin_Arms_PhysicsAsset.uexp" 343
"C:/Users/USSER/Desktop/Smart_manual_demo/MySmartManualSample_PC/Content/FirstPersonArms/Character/Mesh/SK_Mannequin_Arms.uasset" 344
"C:/Users/USSER/Desktop/Smart_manual_demo/MySmartManualSample_PC/Content/FirstPersonArms/Character/Mesh/SK_Mannequin_Arms.uexp" 345
"C:/Users/USSER/Desktop/Smart_manual_demo/MySmartManualSample_PC/Content/FirstPerson/Input/Actions/IA_Jump.uasset" 346
"C:/Users/USSER/Desktop/Smart_manual_demo/MySmartManualSample_PC/Content/FirstPerson/Input/Actions/IA_Jump.uexp" 347
"C:/Users/USSER/Desktop/Smart_manual_demo/MySmartManualSample_PC/Content/FirstPerson/Input/IMC_Default.uasset" 348
"C:/Users/USSER/Desktop/Smart_manual_demo/MySmartManualSample_PC/Content/FirstPerson/Input/IMC_Default.uexp" 349
"C:/Users/USSER/Desktop/Smart_manual_demo/MySmartManualSample_PC/Content/FirstPerson/Blueprints/BP_FirstPersonCharacter.uasset" 350
"C:/Users/USSER/Desktop/Smart_manual_demo/MySmartManualSample_PC/Content/FirstPerson/Blueprints/BP_FirstPersonCharacter.uexp" 351
"C:/Users/USSER/Desktop/Smart_manual_demo/MySmartManualSample_PC/Content/FirstPersonArms/Animations/FirstPerson_AnimBP.uasset" 352
"C:/Users/USSER/Desktop/Smart_manual_demo/MySmartManualSample_PC/Content/FirstPersonArms/Animations/FirstPerson_AnimBP.uexp" 353
"C:/Users/USSER/Desktop/Smart_manual_demo/MySmartManualSample_PC/Content/Input/IMC_Interact.uasset" 354
"C:/Users/USSER/Desktop/Smart_manual_demo/MySmartManualSample_PC/Content/Input/IMC_Interact.uexp" 355
"C:/Users/USSER/Desktop/Smart_manual_demo/MySmartManualSample_PC/Content/InteractCharater/BP_Interact_Pawn.uasset" 356
"C:/Users/USSER/Desktop/Smart_manual_demo/MySmartManualSample_PC/Content/InteractCharater/BP_Interact_Pawn.uexp" 357
"C:/Users/USSER/Desktop/Smart_manual_demo/MySmartManualSample_PC/Content/InteractCharater/BP_InteractController.uasset" 358
"C:/Users/USSER/Desktop/Smart_manual_demo/MySmartManualSample_PC/Content/InteractCharater/BP_InteractController.uexp" 359
"C:/Users/USSER/Desktop/Smart_manual_demo/MySmartManualSample_PC/Content/InteractCharater/BP_Interact_GameMode.uasset" 360
"C:/Users/USSER/Desktop/Smart_manual_demo/MySmartManualSample_PC/Content/InteractCharater/BP_Interact_GameMode.uexp" 361
"../../../Engine/Plugins/Runtime/AudioWidgets/Content/Resources/ScrubHandleDown_Clamped.uasset" 362
"../../../Engine/Plugins/Runtime/AudioWidgets/Content/Resources/ScrubHandleDown_Clamped.uexp" 363
"../../../Engine/Content/EngineResources/GradientTexture0.uasset" 364
"../../../Engine/Content/EngineResources/GradientTexture0.uexp" 365
"../../../Engine/Content/EngineResources/DefaultTexture.ubulk" 366
"../../../Engine/Content/EngineResources/DefaultTexture.uasset" 367
"../../../Engine/Content/EngineResources/DefaultTexture.uexp" 368
"../../../Engine/Content/EngineMaterials/PreintegratedSkinBRDF.uasset" 369
"../../../Engine/Content/EngineMaterials/PreintegratedSkinBRDF.uexp" 370
"../../../Engine/Content/EngineMaterials/MiniFont.uasset" 371
"../../../Engine/Content/EngineMaterials/MiniFont.uexp" 372
"../../../Engine/Content/EngineMaterials/FastBlueNoise_vec2_128x128x64.uasset" 373
"../../../Engine/Content/EngineMaterials/FastBlueNoise_vec2_128x128x64.uexp" 374
"../../../Engine/Content/EngineMaterials/FastBlueNoise_scalar_128x128x64.uasset" 375
"../../../Engine/Content/EngineMaterials/FastBlueNoise_scalar_128x128x64.uexp" 376
"../../../Engine/Content/EngineMaterials/DefaultBokeh.uasset" 377
"../../../Engine/Content/EngineMaterials/DefaultBokeh.uexp" 378
"../../../Engine/Content/EngineMaterials/DefaultBloomKernel.uasset" 379
"../../../Engine/Content/EngineMaterials/DefaultBloomKernel.uexp" 380
"../../../Engine/Content/EngineDamageTypes/DmgTypeBP_Environmental.uasset" 381
"../../../Engine/Content/EngineDamageTypes/DmgTypeBP_Environmental.uexp" 382
"../../../Engine/Content/EditorResources/S_TriggerSphere.uasset" 383
"../../../Engine/Content/EditorResources/S_TriggerSphere.uexp" 384
"../../../Engine/Content/EditorResources/S_TriggerCapsule.uasset" 385
"../../../Engine/Content/EditorResources/S_TriggerCapsule.uexp" 386
"../../../Engine/Content/EditorResources/S_TriggerBox.uasset" 387
"../../../Engine/Content/EditorResources/S_TriggerBox.uexp" 388
"../../../Engine/Content/EditorResources/S_Trigger.ubulk" 389
"../../../Engine/Content/EditorResources/S_Trigger.uasset" 390
"../../../Engine/Content/EditorResources/S_Trigger.uexp" 391
"../../../Engine/Content/EditorResources/S_Terrain.ubulk" 392
"../../../Engine/Content/EditorResources/S_Terrain.uasset" 393
"../../../Engine/Content/EditorResources/S_Terrain.uexp" 394
"../../../Engine/Content/EditorResources/S_Solver.ubulk" 395
"../../../Engine/Content/EditorResources/S_Solver.uasset" 396
"../../../Engine/Content/EditorResources/S_Solver.uexp" 397
"../../../Engine/Content/EditorResources/S_BoxReflectionCapture.uasset" 398
"../../../Engine/Content/EditorResources/S_BoxReflectionCapture.uexp" 399
"../../../Engine/Content/EditorResources/EmptyActor.uasset" 400
"../../../Engine/Content/EditorResources/EmptyActor.uexp" 401
"../../../Engine/Content/EditorResources/BSPVertex.uasset" 402
"../../../Engine/Content/EditorResources/BSPVertex.uexp" 403
"../../../Engine/Content/EditorLandscapeResources/DefaultAlphaTexture.uasset" 404
"../../../Engine/Content/EditorLandscapeResources/DefaultAlphaTexture.uexp" 405
"C:/Users/USSER/Desktop/Smart_manual_demo/MySmartManualSample_PC/Content/DankestThings_EnviroSense/EnviroSense/EnviroSenseExamples/Materials/M_ToxicGoo.uasset" 406
"C:/Users/USSER/Desktop/Smart_manual_demo/MySmartManualSample_PC/Content/DankestThings_EnviroSense/EnviroSense/EnviroSenseExamples/Materials/M_ToxicGoo.uexp" 407
"C:/Users/USSER/Desktop/Smart_manual_demo/MySmartManualSample_PC/Content/DankestThings_EnviroSense/EnviroSense/Resource/Meshes/SM_LeftHandSensor2.ubulk" 408
"C:/Users/USSER/Desktop/Smart_manual_demo/MySmartManualSample_PC/Content/DankestThings_EnviroSense/EnviroSense/Resource/Meshes/SM_LeftHandSensor2.uasset" 409
"C:/Users/USSER/Desktop/Smart_manual_demo/MySmartManualSample_PC/Content/DankestThings_EnviroSense/EnviroSense/Resource/Meshes/SM_LeftHandSensor2.uexp" 410
"C:/Users/USSER/Desktop/Smart_manual_demo/MySmartManualSample_PC/Content/DankestThings_EnviroSense/EnviroSense/Resource/Meshes/SM_RightHandSensor.ubulk" 411
"C:/Users/USSER/Desktop/Smart_manual_demo/MySmartManualSample_PC/Content/DankestThings_EnviroSense/EnviroSense/Resource/Meshes/SM_RightHandSensor.uasset" 412
"C:/Users/USSER/Desktop/Smart_manual_demo/MySmartManualSample_PC/Content/DankestThings_EnviroSense/EnviroSense/Resource/Meshes/SM_RightHandSensor.uexp" 413
"C:/Users/USSER/Desktop/Smart_manual_demo/MySmartManualSample_PC/Content/DankestThings_EnviroSense/EnviroSense/EnviroSenseCore/Blueprints/BP_DT_HandSensorArray_RealisticZones.uasset" 414
"C:/Users/USSER/Desktop/Smart_manual_demo/MySmartManualSample_PC/Content/DankestThings_EnviroSense/EnviroSense/EnviroSenseCore/Blueprints/BP_DT_HandSensorArray_RealisticZones.uexp" 415
"C:/Users/USSER/Desktop/Smart_manual_demo/MySmartManualSample_PC/Content/DankestThings_EnviroSense/Demo/Characters/Mannequins/Rigs/Poses/Quinn/Quinn_hand_l_anim.uasset" 416
"C:/Users/USSER/Desktop/Smart_manual_demo/MySmartManualSample_PC/Content/DankestThings_EnviroSense/Demo/Characters/Mannequins/Rigs/Poses/Quinn/Quinn_hand_l_anim.m.ubulk" 417
"C:/Users/USSER/Desktop/Smart_manual_demo/MySmartManualSample_PC/Content/DankestThings_EnviroSense/Demo/Characters/Mannequins/Rigs/Poses/Quinn/Quinn_hand_l_anim.uexp" 418
"C:/Users/USSER/Desktop/Smart_manual_demo/MySmartManualSample_PC/Content/DankestThings_EnviroSense/Demo/Characters/Mannequins/Rigs/Poses/Quinn/Quinn_hand_l_pose.uasset" 419
"C:/Users/USSER/Desktop/Smart_manual_demo/MySmartManualSample_PC/Content/DankestThings_EnviroSense/Demo/Characters/Mannequins/Rigs/Poses/Quinn/Quinn_hand_l_pose.uexp" 420
"C:/Users/USSER/Desktop/Smart_manual_demo/MySmartManualSample_PC/Content/DankestThings_EnviroSense/Demo/Characters/Mannequins/Rigs/Poses/Quinn/Quinn_thigh_l_anim.uasset" 421
"C:/Users/USSER/Desktop/Smart_manual_demo/MySmartManualSample_PC/Content/DankestThings_EnviroSense/Demo/Characters/Mannequins/Rigs/Poses/Quinn/Quinn_thigh_l_anim.m.ubulk" 422
"C:/Users/USSER/Desktop/Smart_manual_demo/MySmartManualSample_PC/Content/DankestThings_EnviroSense/Demo/Characters/Mannequins/Rigs/Poses/Quinn/Quinn_thigh_l_anim.uexp" 423
"C:/Users/USSER/Desktop/Smart_manual_demo/MySmartManualSample_PC/Content/DankestThings_EnviroSense/Demo/Characters/Mannequins/Rigs/Poses/Quinn/Quinn_thigh_l_pose.uasset" 424
"C:/Users/USSER/Desktop/Smart_manual_demo/MySmartManualSample_PC/Content/DankestThings_EnviroSense/Demo/Characters/Mannequins/Rigs/Poses/Quinn/Quinn_thigh_l_pose.uexp" 425
"C:/Users/USSER/Desktop/Smart_manual_demo/MySmartManualSample_PC/Content/DankestThings_EnviroSense/Demo/Characters/Mannequins/Rigs/Poses/Quinn/Quinn_lowerarm_l_anim.uasset" 426
"C:/Users/USSER/Desktop/Smart_manual_demo/MySmartManualSample_PC/Content/DankestThings_EnviroSense/Demo/Characters/Mannequins/Rigs/Poses/Quinn/Quinn_lowerarm_l_anim.m.ubulk" 427
"C:/Users/USSER/Desktop/Smart_manual_demo/MySmartManualSample_PC/Content/DankestThings_EnviroSense/Demo/Characters/Mannequins/Rigs/Poses/Quinn/Quinn_lowerarm_l_anim.uexp" 428
"C:/Users/USSER/Desktop/Smart_manual_demo/MySmartManualSample_PC/Content/DankestThings_EnviroSense/Demo/Characters/Mannequins/Rigs/Poses/Quinn/Quinn_lowerarm_l_pose.uasset" 429
"C:/Users/USSER/Desktop/Smart_manual_demo/MySmartManualSample_PC/Content/DankestThings_EnviroSense/Demo/Characters/Mannequins/Rigs/Poses/Quinn/Quinn_lowerarm_l_pose.uexp" 430
"C:/Users/USSER/Desktop/Smart_manual_demo/MySmartManualSample_PC/Content/DankestThings_EnviroSense/Demo/Characters/Mannequins/Rigs/Poses/Quinn/Quinn_clavicle_l_anim.uasset" 431
"C:/Users/USSER/Desktop/Smart_manual_demo/MySmartManualSample_PC/Content/DankestThings_EnviroSense/Demo/Characters/Mannequins/Rigs/Poses/Quinn/Quinn_clavicle_l_anim.m.ubulk" 432
"C:/Users/USSER/Desktop/Smart_manual_demo/MySmartManualSample_PC/Content/DankestThings_EnviroSense/Demo/Characters/Mannequins/Rigs/Poses/Quinn/Quinn_clavicle_l_anim.uexp" 433
"C:/Users/USSER/Desktop/Smart_manual_demo/MySmartManualSample_PC/Content/DankestThings_EnviroSense/Demo/Characters/Mannequins/Rigs/Poses/Quinn/Quinn_clavicle_l_pose.uasset" 434
"C:/Users/USSER/Desktop/Smart_manual_demo/MySmartManualSample_PC/Content/DankestThings_EnviroSense/Demo/Characters/Mannequins/Rigs/Poses/Quinn/Quinn_clavicle_l_pose.uexp" 435
"C:/Users/USSER/Desktop/Smart_manual_demo/MySmartManualSample_PC/Content/DankestThings_EnviroSense/Demo/Characters/Mannequins/Rigs/Poses/Quinn/Quinn_upperarm_l_anim.uasset" 436
"C:/Users/USSER/Desktop/Smart_manual_demo/MySmartManualSample_PC/Content/DankestThings_EnviroSense/Demo/Characters/Mannequins/Rigs/Poses/Quinn/Quinn_upperarm_l_anim.m.ubulk" 437
"C:/Users/USSER/Desktop/Smart_manual_demo/MySmartManualSample_PC/Content/DankestThings_EnviroSense/Demo/Characters/Mannequins/Rigs/Poses/Quinn/Quinn_upperarm_l_anim.uexp" 438
"C:/Users/USSER/Desktop/Smart_manual_demo/MySmartManualSample_PC/Content/DankestThings_EnviroSense/Demo/Characters/Mannequins/Rigs/Poses/Quinn/Quinn_upperarm_l_pose.uasset" 439
"C:/Users/USSER/Desktop/Smart_manual_demo/MySmartManualSample_PC/Content/DankestThings_EnviroSense/Demo/Characters/Mannequins/Rigs/Poses/Quinn/Quinn_upperarm_l_pose.uexp" 440
"C:/Users/USSER/Desktop/Smart_manual_demo/MySmartManualSample_PC/Content/DankestThings_EnviroSense/Demo/Characters/Mannequins/Rigs/Poses/Quinn/Quinn_foot_r_anim.uasset" 441
"C:/Users/USSER/Desktop/Smart_manual_demo/MySmartManualSample_PC/Content/DankestThings_EnviroSense/Demo/Characters/Mannequins/Rigs/Poses/Quinn/Quinn_foot_r_anim.m.ubulk" 442
"C:/Users/USSER/Desktop/Smart_manual_demo/MySmartManualSample_PC/Content/DankestThings_EnviroSense/Demo/Characters/Mannequins/Rigs/Poses/Quinn/Quinn_foot_r_anim.uexp" 443
"C:/Users/USSER/Desktop/Smart_manual_demo/MySmartManualSample_PC/Content/DankestThings_EnviroSense/Demo/Characters/Mannequins/Rigs/Poses/Quinn/Quinn_foot_r_pose.uasset" 444
"C:/Users/USSER/Desktop/Smart_manual_demo/MySmartManualSample_PC/Content/DankestThings_EnviroSense/Demo/Characters/Mannequins/Rigs/Poses/Quinn/Quinn_foot_r_pose.uexp" 445
"C:/Users/USSER/Desktop/Smart_manual_demo/MySmartManualSample_PC/Content/DankestThings_EnviroSense/Demo/Characters/Mannequins/Rigs/Poses/Quinn/Quinn_thigh_r_anim.uasset" 446
"C:/Users/USSER/Desktop/Smart_manual_demo/MySmartManualSample_PC/Content/DankestThings_EnviroSense/Demo/Characters/Mannequins/Rigs/Poses/Quinn/Quinn_thigh_r_anim.m.ubulk" 447
"C:/Users/USSER/Desktop/Smart_manual_demo/MySmartManualSample_PC/Content/DankestThings_EnviroSense/Demo/Characters/Mannequins/Rigs/Poses/Quinn/Quinn_thigh_r_anim.uexp" 448
"C:/Users/USSER/Desktop/Smart_manual_demo/MySmartManualSample_PC/Content/DankestThings_EnviroSense/Demo/Characters/Mannequins/Rigs/Poses/Quinn/Quinn_thigh_r_pose.uasset" 449
"C:/Users/USSER/Desktop/Smart_manual_demo/MySmartManualSample_PC/Content/DankestThings_EnviroSense/Demo/Characters/Mannequins/Rigs/Poses/Quinn/Quinn_thigh_r_pose.uexp" 450
"C:/Users/USSER/Desktop/Smart_manual_demo/MySmartManualSample_PC/Content/DankestThings_EnviroSense/Demo/Characters/Mannequins/Rigs/Poses/Quinn/Quinn_lowerarm_r_anim.uasset" 451
"C:/Users/USSER/Desktop/Smart_manual_demo/MySmartManualSample_PC/Content/DankestThings_EnviroSense/Demo/Characters/Mannequins/Rigs/Poses/Quinn/Quinn_lowerarm_r_anim.m.ubulk" 452
"C:/Users/USSER/Desktop/Smart_manual_demo/MySmartManualSample_PC/Content/DankestThings_EnviroSense/Demo/Characters/Mannequins/Rigs/Poses/Quinn/Quinn_lowerarm_r_anim.uexp" 453
"C:/Users/USSER/Desktop/Smart_manual_demo/MySmartManualSample_PC/Content/DankestThings_EnviroSense/Demo/Characters/Mannequins/Rigs/Poses/Quinn/Quinn_lowerarm_r_pose.uasset" 454
"C:/Users/USSER/Desktop/Smart_manual_demo/MySmartManualSample_PC/Content/DankestThings_EnviroSense/Demo/Characters/Mannequins/Rigs/Poses/Quinn/Quinn_lowerarm_r_pose.uexp" 455
"C:/Users/USSER/Desktop/Smart_manual_demo/MySmartManualSample_PC/Content/DankestThings_EnviroSense/Demo/Characters/Mannequins/Rigs/Poses/Quinn/Quinn_calf_l_anim.uasset" 456
"C:/Users/USSER/Desktop/Smart_manual_demo/MySmartManualSample_PC/Content/DankestThings_EnviroSense/Demo/Characters/Mannequins/Rigs/Poses/Quinn/Quinn_calf_l_anim.m.ubulk" 457
"C:/Users/USSER/Desktop/Smart_manual_demo/MySmartManualSample_PC/Content/DankestThings_EnviroSense/Demo/Characters/Mannequins/Rigs/Poses/Quinn/Quinn_calf_l_anim.uexp" 458
"C:/Users/USSER/Desktop/Smart_manual_demo/MySmartManualSample_PC/Content/DankestThings_EnviroSense/Demo/Characters/Mannequins/Rigs/Poses/Quinn/Quinn_calf_l_pose.uasset" 459
"C:/Users/USSER/Desktop/Smart_manual_demo/MySmartManualSample_PC/Content/DankestThings_EnviroSense/Demo/Characters/Mannequins/Rigs/Poses/Quinn/Quinn_calf_l_pose.uexp" 460
"C:/Users/USSER/Desktop/Smart_manual_demo/MySmartManualSample_PC/Content/DankestThings_EnviroSense/Demo/Characters/Mannequins/Rigs/Poses/Quinn/Quinn_upperarm_r_anim.uasset" 461
"C:/Users/USSER/Desktop/Smart_manual_demo/MySmartManualSample_PC/Content/DankestThings_EnviroSense/Demo/Characters/Mannequins/Rigs/Poses/Quinn/Quinn_upperarm_r_anim.m.ubulk" 462
"C:/Users/USSER/Desktop/Smart_manual_demo/MySmartManualSample_PC/Content/DankestThings_EnviroSense/Demo/Characters/Mannequins/Rigs/Poses/Quinn/Quinn_upperarm_r_anim.uexp" 463
"C:/Users/USSER/Desktop/Smart_manual_demo/MySmartManualSample_PC/Content/DankestThings_EnviroSense/Demo/Characters/Mannequins/Rigs/Poses/Quinn/Quinn_upperarm_r_pose.uasset" 464
"C:/Users/USSER/Desktop/Smart_manual_demo/MySmartManualSample_PC/Content/DankestThings_EnviroSense/Demo/Characters/Mannequins/Rigs/Poses/Quinn/Quinn_upperarm_r_pose.uexp" 465
"C:/Users/USSER/Desktop/Smart_manual_demo/MySmartManualSample_PC/Content/DankestThings_EnviroSense/Demo/Characters/Mannequins/Rigs/Poses/Quinn/Quinn_hand_r_anim.uasset" 466
"C:/Users/USSER/Desktop/Smart_manual_demo/MySmartManualSample_PC/Content/DankestThings_EnviroSense/Demo/Characters/Mannequins/Rigs/Poses/Quinn/Quinn_hand_r_anim.m.ubulk" 467
"C:/Users/USSER/Desktop/Smart_manual_demo/MySmartManualSample_PC/Content/DankestThings_EnviroSense/Demo/Characters/Mannequins/Rigs/Poses/Quinn/Quinn_hand_r_anim.uexp" 468
"C:/Users/USSER/Desktop/Smart_manual_demo/MySmartManualSample_PC/Content/DankestThings_EnviroSense/Demo/Characters/Mannequins/Rigs/Poses/Quinn/Quinn_hand_r_pose.uasset" 469
"C:/Users/USSER/Desktop/Smart_manual_demo/MySmartManualSample_PC/Content/DankestThings_EnviroSense/Demo/Characters/Mannequins/Rigs/Poses/Quinn/Quinn_hand_r_pose.uexp" 470
"C:/Users/USSER/Desktop/Smart_manual_demo/MySmartManualSample_PC/Content/DankestThings_EnviroSense/Demo/Characters/Mannequins/Rigs/Poses/Quinn/Quinn_foot_l_anim.uasset" 471
"C:/Users/USSER/Desktop/Smart_manual_demo/MySmartManualSample_PC/Content/DankestThings_EnviroSense/Demo/Characters/Mannequins/Rigs/Poses/Quinn/Quinn_foot_l_anim.m.ubulk" 472
"C:/Users/USSER/Desktop/Smart_manual_demo/MySmartManualSample_PC/Content/DankestThings_EnviroSense/Demo/Characters/Mannequins/Rigs/Poses/Quinn/Quinn_foot_l_anim.uexp" 473
"C:/Users/USSER/Desktop/Smart_manual_demo/MySmartManualSample_PC/Content/DankestThings_EnviroSense/Demo/Characters/Mannequins/Rigs/Poses/Quinn/Quinn_foot_l_pose.uasset" 474
"C:/Users/USSER/Desktop/Smart_manual_demo/MySmartManualSample_PC/Content/DankestThings_EnviroSense/Demo/Characters/Mannequins/Rigs/Poses/Quinn/Quinn_foot_l_pose.uexp" 475
"C:/Users/USSER/Desktop/Smart_manual_demo/MySmartManualSample_PC/Content/DankestThings_EnviroSense/Demo/Characters/Mannequins/Rigs/Poses/Quinn/Quinn_calf_r_anim.uasset" 476
"C:/Users/USSER/Desktop/Smart_manual_demo/MySmartManualSample_PC/Content/DankestThings_EnviroSense/Demo/Characters/Mannequins/Rigs/Poses/Quinn/Quinn_calf_r_anim.m.ubulk" 477
"C:/Users/USSER/Desktop/Smart_manual_demo/MySmartManualSample_PC/Content/DankestThings_EnviroSense/Demo/Characters/Mannequins/Rigs/Poses/Quinn/Quinn_calf_r_anim.uexp" 478
"C:/Users/USSER/Desktop/Smart_manual_demo/MySmartManualSample_PC/Content/DankestThings_EnviroSense/Demo/Characters/Mannequins/Rigs/Poses/Quinn/Quinn_calf_r_pose.uasset" 479
"C:/Users/USSER/Desktop/Smart_manual_demo/MySmartManualSample_PC/Content/DankestThings_EnviroSense/Demo/Characters/Mannequins/Rigs/Poses/Quinn/Quinn_calf_r_pose.uexp" 480
"C:/Users/USSER/Desktop/Smart_manual_demo/MySmartManualSample_PC/Content/DankestThings_EnviroSense/Demo/Characters/Mannequins/Rigs/Poses/Quinn/Quinn_clavicle_r_anim.uasset" 481
"C:/Users/USSER/Desktop/Smart_manual_demo/MySmartManualSample_PC/Content/DankestThings_EnviroSense/Demo/Characters/Mannequins/Rigs/Poses/Quinn/Quinn_clavicle_r_anim.m.ubulk" 482
"C:/Users/USSER/Desktop/Smart_manual_demo/MySmartManualSample_PC/Content/DankestThings_EnviroSense/Demo/Characters/Mannequins/Rigs/Poses/Quinn/Quinn_clavicle_r_anim.uexp" 483
"C:/Users/USSER/Desktop/Smart_manual_demo/MySmartManualSample_PC/Content/DankestThings_EnviroSense/Demo/Characters/Mannequins/Rigs/Poses/Quinn/Quinn_clavicle_r_pose.uasset" 484
"C:/Users/USSER/Desktop/Smart_manual_demo/MySmartManualSample_PC/Content/DankestThings_EnviroSense/Demo/Characters/Mannequins/Rigs/Poses/Quinn/Quinn_clavicle_r_pose.uexp" 485
"C:/Users/USSER/Desktop/Smart_manual_demo/MySmartManualSample_PC/Content/DankestThings_EnviroSense/Demo/Characters/Mannequins/Rigs/ABP_Quinn_PostProcess.uasset" 486
"C:/Users/USSER/Desktop/Smart_manual_demo/MySmartManualSample_PC/Content/DankestThings_EnviroSense/Demo/Characters/Mannequins/Rigs/ABP_Quinn_PostProcess.uexp" 487
"C:/Users/USSER/Desktop/Smart_manual_demo/MySmartManualSample_PC/Content/DankestThings_EnviroSense/Demo/Characters/Mannequins/Textures/Quinn/T_Quinn_02_ASAOMASK_MSK.ubulk" 488
"C:/Users/USSER/Desktop/Smart_manual_demo/MySmartManualSample_PC/Content/DankestThings_EnviroSense/Demo/Characters/Mannequins/Textures/Quinn/T_Quinn_02_ASAOMASK_MSK.uasset" 489
"C:/Users/USSER/Desktop/Smart_manual_demo/MySmartManualSample_PC/Content/DankestThings_EnviroSense/Demo/Characters/Mannequins/Textures/Quinn/T_Quinn_02_ASAOMASK_MSK.uexp" 490
"C:/Users/USSER/Desktop/Smart_manual_demo/MySmartManualSample_PC/Content/DankestThings_EnviroSense/Demo/Characters/Mannequins/Textures/Quinn/T_Quinn_02ID_BN.ubulk" 491
"C:/Users/USSER/Desktop/Smart_manual_demo/MySmartManualSample_PC/Content/DankestThings_EnviroSense/Demo/Characters/Mannequins/Textures/Quinn/T_Quinn_02ID_BN.uasset" 492
"C:/Users/USSER/Desktop/Smart_manual_demo/MySmartManualSample_PC/Content/DankestThings_EnviroSense/Demo/Characters/Mannequins/Textures/Quinn/T_Quinn_02ID_BN.uexp" 493
"C:/Users/USSER/Desktop/Smart_manual_demo/MySmartManualSample_PC/Content/DankestThings_EnviroSense/Demo/Characters/Mannequins/Textures/Quinn/T_Quinn_02ID_D.ubulk" 494
"C:/Users/USSER/Desktop/Smart_manual_demo/MySmartManualSample_PC/Content/DankestThings_EnviroSense/Demo/Characters/Mannequins/Textures/Quinn/T_Quinn_02ID_D.uasset" 495
"C:/Users/USSER/Desktop/Smart_manual_demo/MySmartManualSample_PC/Content/DankestThings_EnviroSense/Demo/Characters/Mannequins/Textures/Quinn/T_Quinn_02ID_D.uexp" 496
"C:/Users/USSER/Desktop/Smart_manual_demo/MySmartManualSample_PC/Content/DankestThings_EnviroSense/Demo/Characters/Mannequins/Textures/Quinn/T_Quinn_02_CCRCCPlastic_MSK.ubulk" 497
"C:/Users/USSER/Desktop/Smart_manual_demo/MySmartManualSample_PC/Content/DankestThings_EnviroSense/Demo/Characters/Mannequins/Textures/Quinn/T_Quinn_02_CCRCCPlastic_MSK.uasset" 498
"C:/Users/USSER/Desktop/Smart_manual_demo/MySmartManualSample_PC/Content/DankestThings_EnviroSense/Demo/Characters/Mannequins/Textures/Quinn/T_Quinn_02_CCRCCPlastic_MSK.uexp" 499
"C:/Users/USSER/Desktop/Smart_manual_demo/MySmartManualSample_PC/Content/DankestThings_EnviroSense/Demo/Characters/Mannequins/Textures/Quinn/T_Quinn_02ID_N.ubulk" 500
"C:/Users/USSER/Desktop/Smart_manual_demo/MySmartManualSample_PC/Content/DankestThings_EnviroSense/Demo/Characters/Mannequins/Textures/Quinn/T_Quinn_02ID_N.uasset" 501
"C:/Users/USSER/Desktop/Smart_manual_demo/MySmartManualSample_PC/Content/DankestThings_EnviroSense/Demo/Characters/Mannequins/Textures/Quinn/T_Quinn_02ID_N.uexp" 502
"C:/Users/USSER/Desktop/Smart_manual_demo/MySmartManualSample_PC/Content/DankestThings_EnviroSense/Demo/Characters/Mannequins/Textures/Quinn/T_Quinn_02ID_Tan.ubulk" 503
"C:/Users/USSER/Desktop/Smart_manual_demo/MySmartManualSample_PC/Content/DankestThings_EnviroSense/Demo/Characters/Mannequins/Textures/Quinn/T_Quinn_02ID_Tan.uasset" 504
"C:/Users/USSER/Desktop/Smart_manual_demo/MySmartManualSample_PC/Content/DankestThings_EnviroSense/Demo/Characters/Mannequins/Textures/Quinn/T_Quinn_02ID_Tan.uexp" 505
"C:/Users/USSER/Desktop/Smart_manual_demo/MySmartManualSample_PC/Content/DankestThings_EnviroSense/Demo/Characters/Mannequins/Textures/Quinn/T_Quinn_01_CCRCCPlastic_MSK.ubulk" 506
"C:/Users/USSER/Desktop/Smart_manual_demo/MySmartManualSample_PC/Content/DankestThings_EnviroSense/Demo/Characters/Mannequins/Textures/Quinn/T_Quinn_01_CCRCCPlastic_MSK.uasset" 507
"C:/Users/USSER/Desktop/Smart_manual_demo/MySmartManualSample_PC/Content/DankestThings_EnviroSense/Demo/Characters/Mannequins/Textures/Quinn/T_Quinn_01_CCRCCPlastic_MSK.uexp" 508
"C:/Users/USSER/Desktop/Smart_manual_demo/MySmartManualSample_PC/Content/DankestThings_EnviroSense/Demo/Characters/Mannequins/Textures/Quinn/T_Quinn_01_ASAOMASK_MSK.ubulk" 509
"C:/Users/USSER/Desktop/Smart_manual_demo/MySmartManualSample_PC/Content/DankestThings_EnviroSense/Demo/Characters/Mannequins/Textures/Quinn/T_Quinn_01_ASAOMASK_MSK.uasset" 510
"C:/Users/USSER/Desktop/Smart_manual_demo/MySmartManualSample_PC/Content/DankestThings_EnviroSense/Demo/Characters/Mannequins/Textures/Quinn/T_Quinn_01_ASAOMASK_MSK.uexp" 511
"C:/Users/USSER/Desktop/Smart_manual_demo/MySmartManualSample_PC/Content/DankestThings_EnviroSense/Demo/Characters/Mannequins/Textures/Quinn/T_Quinn_01ID_N.ubulk" 512
"C:/Users/USSER/Desktop/Smart_manual_demo/MySmartManualSample_PC/Content/DankestThings_EnviroSense/Demo/Characters/Mannequins/Textures/Quinn/T_Quinn_01ID_N.uasset" 513
"C:/Users/USSER/Desktop/Smart_manual_demo/MySmartManualSample_PC/Content/DankestThings_EnviroSense/Demo/Characters/Mannequins/Textures/Quinn/T_Quinn_01ID_N.uexp" 514
"C:/Users/USSER/Desktop/Smart_manual_demo/MySmartManualSample_PC/Content/DankestThings_EnviroSense/Demo/Characters/Mannequins/Textures/Quinn/T_Quinn_01ID_D.ubulk" 515
"C:/Users/USSER/Desktop/Smart_manual_demo/MySmartManualSample_PC/Content/DankestThings_EnviroSense/Demo/Characters/Mannequins/Textures/Quinn/T_Quinn_01ID_D.uasset" 516
"C:/Users/USSER/Desktop/Smart_manual_demo/MySmartManualSample_PC/Content/DankestThings_EnviroSense/Demo/Characters/Mannequins/Textures/Quinn/T_Quinn_01ID_D.uexp" 517
"C:/Users/USSER/Desktop/Smart_manual_demo/MySmartManualSample_PC/Content/DankestThings_EnviroSense/Demo/Characters/Mannequins/Textures/Quinn/T_Quinn_01ID_MSR_MSK.ubulk" 518
"C:/Users/USSER/Desktop/Smart_manual_demo/MySmartManualSample_PC/Content/DankestThings_EnviroSense/Demo/Characters/Mannequins/Textures/Quinn/T_Quinn_01ID_MSR_MSK.uasset" 519
"C:/Users/USSER/Desktop/Smart_manual_demo/MySmartManualSample_PC/Content/DankestThings_EnviroSense/Demo/Characters/Mannequins/Textures/Quinn/T_Quinn_01ID_MSR_MSK.uexp" 520
"C:/Users/USSER/Desktop/Smart_manual_demo/MySmartManualSample_PC/Content/DankestThings_EnviroSense/Demo/Characters/Mannequins/Textures/Quinn/T_Quinn_01ID_BN.ubulk" 521
"C:/Users/USSER/Desktop/Smart_manual_demo/MySmartManualSample_PC/Content/DankestThings_EnviroSense/Demo/Characters/Mannequins/Textures/Quinn/T_Quinn_01ID_BN.uasset" 522
"C:/Users/USSER/Desktop/Smart_manual_demo/MySmartManualSample_PC/Content/DankestThings_EnviroSense/Demo/Characters/Mannequins/Textures/Quinn/T_Quinn_01ID_BN.uexp" 523
"C:/Users/USSER/Desktop/Smart_manual_demo/MySmartManualSample_PC/Content/DankestThings_EnviroSense/Demo/Characters/Mannequins/Textures/Quinn/T_Quinn_01ID_Tan.ubulk" 524
"C:/Users/USSER/Desktop/Smart_manual_demo/MySmartManualSample_PC/Content/DankestThings_EnviroSense/Demo/Characters/Mannequins/Textures/Quinn/T_Quinn_01ID_Tan.uasset" 525
"C:/Users/USSER/Desktop/Smart_manual_demo/MySmartManualSample_PC/Content/DankestThings_EnviroSense/Demo/Characters/Mannequins/Textures/Quinn/T_Quinn_01ID_Tan.uexp" 526
"C:/Users/USSER/Desktop/Smart_manual_demo/MySmartManualSample_PC/Content/DankestThings_EnviroSense/Demo/Characters/Mannequins/Materials/Instances/Quinn/MI_Quinn_01.uasset" 527
"C:/Users/USSER/Desktop/Smart_manual_demo/MySmartManualSample_PC/Content/DankestThings_EnviroSense/Demo/Characters/Mannequins/Materials/Instances/Quinn/MI_Quinn_01.uexp" 528
"C:/Users/USSER/Desktop/Smart_manual_demo/MySmartManualSample_PC/Content/DankestThings_EnviroSense/Demo/Characters/Mannequins/Textures/Quinn/T_Quinn_02ID_MSR_MSK.ubulk" 529
"C:/Users/USSER/Desktop/Smart_manual_demo/MySmartManualSample_PC/Content/DankestThings_EnviroSense/Demo/Characters/Mannequins/Textures/Quinn/T_Quinn_02ID_MSR_MSK.uasset" 530
"C:/Users/USSER/Desktop/Smart_manual_demo/MySmartManualSample_PC/Content/DankestThings_EnviroSense/Demo/Characters/Mannequins/Textures/Quinn/T_Quinn_02ID_MSR_MSK.uexp" 531
"C:/Users/USSER/Desktop/Smart_manual_demo/MySmartManualSample_PC/Content/DankestThings_EnviroSense/Demo/Characters/Mannequins/Materials/Instances/Quinn/MI_Quinn_02.uasset" 532
"C:/Users/USSER/Desktop/Smart_manual_demo/MySmartManualSample_PC/Content/DankestThings_EnviroSense/Demo/Characters/Mannequins/Materials/Instances/Quinn/MI_Quinn_02.uexp" 533
"C:/Users/USSER/Desktop/Smart_manual_demo/MySmartManualSample_PC/Content/DankestThings_EnviroSense/Demo/Characters/Mannequins/Meshes/SKM_Quinn.uasset" 534
"C:/Users/USSER/Desktop/Smart_manual_demo/MySmartManualSample_PC/Content/DankestThings_EnviroSense/Demo/Characters/Mannequins/Meshes/SKM_Quinn.uexp" 535
"C:/Users/USSER/Desktop/Smart_manual_demo/MySmartManualSample_PC/Content/DankestThings_EnviroSense/EnviroSense/EnviroSenseCore/Blueprints/BP_DT_Timeline_HandSensing.uasset" 536
"C:/Users/USSER/Desktop/Smart_manual_demo/MySmartManualSample_PC/Content/DankestThings_EnviroSense/EnviroSense/EnviroSenseCore/Blueprints/BP_DT_Timeline_HandSensing.uexp" 537
"../../../Engine/Content/EngineMaterials/T_Default_Material_Grid_M.ubulk" 538
"../../../Engine/Content/EngineMaterials/T_Default_Material_Grid_M.uasset" 539
"../../../Engine/Content/EngineMaterials/T_Default_Material_Grid_M.uexp" 540
"../../../Engine/Content/EngineMaterials/T_Default_Material_Grid_N.ubulk" 541
"../../../Engine/Content/EngineMaterials/T_Default_Material_Grid_N.uasset" 542
"../../../Engine/Content/EngineMaterials/T_Default_Material_Grid_N.uexp" 543
"../../../Engine/Content/Functions/Engine_MaterialFunctions01/Opacity/CameraDepthFade.uasset" 544
"../../../Engine/Content/Functions/Engine_MaterialFunctions01/Opacity/CameraDepthFade.uexp" 545
"../../../Engine/Content/EngineMaterials/DefaultMaterial.uasset" 546
"../../../Engine/Content/EngineMaterials/DefaultMaterial.uexp" 547
"../../../Engine/Content/BasicShapes/Sphere.ubulk" 548
"../../../Engine/Content/BasicShapes/Sphere.uasset" 549
"../../../Engine/Content/BasicShapes/Sphere.uexp" 550
"C:/Users/USSER/Desktop/Smart_manual_demo/MySmartManualSample_PC/Content/DankestThings_EnviroSense/EnviroSense/EnviroSenseCore/Blueprints/BI_DT_Sensing_BeingSensed.uasset" 551
"C:/Users/USSER/Desktop/Smart_manual_demo/MySmartManualSample_PC/Content/DankestThings_EnviroSense/EnviroSense/EnviroSenseCore/Blueprints/BI_DT_Sensing_BeingSensed.uexp" 552
"C:/Users/USSER/Desktop/Smart_manual_demo/MySmartManualSample_PC/Content/DankestThings_EnviroSense/EnviroSense/EnviroSenseCore/Blueprints/BI_DT_Sensing_Interact.uasset" 553
"C:/Users/USSER/Desktop/Smart_manual_demo/MySmartManualSample_PC/Content/DankestThings_EnviroSense/EnviroSense/EnviroSenseCore/Blueprints/BI_DT_Sensing_Interact.uexp" 554
"C:/Users/USSER/Desktop/Smart_manual_demo/MySmartManualSample_PC/Content/DankestThings_EnviroSense/EnviroSense/EnviroSenseCore/Blueprints/BP_DT_HandTargets.uasset" 555
"C:/Users/USSER/Desktop/Smart_manual_demo/MySmartManualSample_PC/Content/DankestThings_EnviroSense/EnviroSense/EnviroSenseCore/Blueprints/BP_DT_HandTargets.uexp" 556
"C:/Users/USSER/Desktop/Smart_manual_demo/MySmartManualSample_PC/Content/DankestThings_EnviroSense/EnviroSense/EnviroSenseCore/Struct/F_SensingControllersDetectingStruct.uasset" 557
"C:/Users/USSER/Desktop/Smart_manual_demo/MySmartManualSample_PC/Content/DankestThings_EnviroSense/EnviroSense/EnviroSenseCore/Struct/F_SensingControllersDetectingStruct.uexp" 558
"C:/Users/USSER/Desktop/Smart_manual_demo/MySmartManualSample_PC/Content/DankestThings_EnviroSense/EnviroSense/EnviroSenseCore/Blueprints/BI_DT_Sensing_GetHandTargetsAndRoots.uasset" 559
"C:/Users/USSER/Desktop/Smart_manual_demo/MySmartManualSample_PC/Content/DankestThings_EnviroSense/EnviroSense/EnviroSenseCore/Blueprints/BI_DT_Sensing_GetHandTargetsAndRoots.uexp" 560
"C:/Users/USSER/Desktop/Smart_manual_demo/MySmartManualSample_PC/Content/DankestThings_EnviroSense/EnviroSense/EnviroSenseCore/Blueprints/BI_DT_Sensing_BeingDetected.uasset" 561
"C:/Users/USSER/Desktop/Smart_manual_demo/MySmartManualSample_PC/Content/DankestThings_EnviroSense/EnviroSense/EnviroSenseCore/Blueprints/BI_DT_Sensing_BeingDetected.uexp" 562
"C:/Users/USSER/Desktop/Smart_manual_demo/MySmartManualSample_PC/Content/DankestThings_EnviroSense/EnviroSense/EnviroSenseCore/Enum/E_DT_Enum_SensableObjectHandRestriction.uasset" 563
"C:/Users/USSER/Desktop/Smart_manual_demo/MySmartManualSample_PC/Content/DankestThings_EnviroSense/EnviroSense/EnviroSenseCore/Enum/E_DT_Enum_SensableObjectHandRestriction.uexp" 564
"C:/Users/USSER/Desktop/Smart_manual_demo/MySmartManualSample_PC/Content/DankestThings_EnviroSense/EnviroSense/EnviroSenseCore/Enum/E_DT_Enum_HandMovementType.uasset" 565
"C:/Users/USSER/Desktop/Smart_manual_demo/MySmartManualSample_PC/Content/DankestThings_EnviroSense/EnviroSense/EnviroSenseCore/Enum/E_DT_Enum_HandMovementType.uexp" 566
"C:/Users/USSER/Desktop/Smart_manual_demo/MySmartManualSample_PC/Content/DankestThings_EnviroSense/EnviroSense/EnviroSenseCore/Enum/E_DT_Enum_HandAnimations.uasset" 567
"C:/Users/USSER/Desktop/Smart_manual_demo/MySmartManualSample_PC/Content/DankestThings_EnviroSense/EnviroSense/EnviroSenseCore/Enum/E_DT_Enum_HandAnimations.uexp" 568
"C:/Users/USSER/Desktop/Smart_manual_demo/MySmartManualSample_PC/Content/DankestThings_EnviroSense/EnviroSense/EnviroSenseCore/Struct/F_DT_HandSensingDataStruct.uasset" 569
"C:/Users/USSER/Desktop/Smart_manual_demo/MySmartManualSample_PC/Content/DankestThings_EnviroSense/EnviroSense/EnviroSenseCore/Struct/F_DT_HandSensingDataStruct.uexp" 570
"C:/Users/USSER/Desktop/Smart_manual_demo/MySmartManualSample_PC/Content/DankestThings_EnviroSense/EnviroSense/EnviroSenseCore/Blueprints/BP_DT_Cpmt_SensableObject.uasset" 571
"C:/Users/USSER/Desktop/Smart_manual_demo/MySmartManualSample_PC/Content/DankestThings_EnviroSense/EnviroSense/EnviroSenseCore/Blueprints/BP_DT_Cpmt_SensableObject.uexp" 572
"C:/Users/USSER/Desktop/Smart_manual_demo/MySmartManualSample_PC/Content/DankestThings_EnviroSense/EnviroSense/EnviroSenseExamples/Materials/M_ObjectBase.uasset" 573
"C:/Users/USSER/Desktop/Smart_manual_demo/MySmartManualSample_PC/Content/DankestThings_EnviroSense/EnviroSense/EnviroSenseExamples/Materials/M_ObjectBase.uexp" 574
"C:/Users/USSER/Desktop/Smart_manual_demo/MySmartManualSample_PC/Content/DankestThings_EnviroSense/EnviroSense/EnviroSenseExamples/Materials/MI_ObjectBase.uasset" 575
"C:/Users/USSER/Desktop/Smart_manual_demo/MySmartManualSample_PC/Content/DankestThings_EnviroSense/EnviroSense/EnviroSenseExamples/Materials/MI_ObjectBase.uexp" 576
"C:/Users/USSER/Desktop/Smart_manual_demo/MySmartManualSample_PC/Content/DankestThings_EnviroSense/EnviroSense/EnviroSenseCore/Blueprints/BP_SensableObjectBase.uasset" 577
"C:/Users/USSER/Desktop/Smart_manual_demo/MySmartManualSample_PC/Content/DankestThings_EnviroSense/EnviroSense/EnviroSenseCore/Blueprints/BP_SensableObjectBase.uexp" 578
"C:/Users/USSER/Desktop/Smart_manual_demo/MySmartManualSample_PC/Content/DankestThings_EnviroSense/EnviroSense/EnviroSenseCore/Blueprints/BI_DT_ActivateConditionalSensable.uasset" 579
"C:/Users/USSER/Desktop/Smart_manual_demo/MySmartManualSample_PC/Content/DankestThings_EnviroSense/EnviroSense/EnviroSenseCore/Blueprints/BI_DT_ActivateConditionalSensable.uexp" 580
"C:/Users/USSER/Desktop/Smart_manual_demo/MySmartManualSample_PC/Content/DankestThings_EnviroSense/EnviroSense/Resource/Textures/T_Switches_Metallic.ubulk" 581
"C:/Users/USSER/Desktop/Smart_manual_demo/MySmartManualSample_PC/Content/DankestThings_EnviroSense/EnviroSense/Resource/Textures/T_Switches_Metallic.uasset" 582
"C:/Users/USSER/Desktop/Smart_manual_demo/MySmartManualSample_PC/Content/DankestThings_EnviroSense/EnviroSense/Resource/Textures/T_Switches_Metallic.uexp" 583
"C:/Users/USSER/Desktop/Smart_manual_demo/MySmartManualSample_PC/Content/DankestThings_EnviroSense/EnviroSense/Resource/Textures/T_Switches_Roughness.ubulk" 584
"C:/Users/USSER/Desktop/Smart_manual_demo/MySmartManualSample_PC/Content/DankestThings_EnviroSense/EnviroSense/Resource/Textures/T_Switches_Roughness.uasset" 585
"C:/Users/USSER/Desktop/Smart_manual_demo/MySmartManualSample_PC/Content/DankestThings_EnviroSense/EnviroSense/Resource/Textures/T_Switches_Roughness.uexp" 586
"C:/Users/USSER/Desktop/Smart_manual_demo/MySmartManualSample_PC/Content/DankestThings_EnviroSense/EnviroSense/Resource/Textures/T_Switches_BaseColor.ubulk" 587
"C:/Users/USSER/Desktop/Smart_manual_demo/MySmartManualSample_PC/Content/DankestThings_EnviroSense/EnviroSense/Resource/Textures/T_Switches_BaseColor.uasset" 588
"C:/Users/USSER/Desktop/Smart_manual_demo/MySmartManualSample_PC/Content/DankestThings_EnviroSense/EnviroSense/Resource/Textures/T_Switches_BaseColor.uexp" 589
"C:/Users/USSER/Desktop/Smart_manual_demo/MySmartManualSample_PC/Content/DankestThings_EnviroSense/EnviroSense/Resource/Textures/T_Switches_Normal.ubulk" 590
"C:/Users/USSER/Desktop/Smart_manual_demo/MySmartManualSample_PC/Content/DankestThings_EnviroSense/EnviroSense/Resource/Textures/T_Switches_Normal.uasset" 591
"C:/Users/USSER/Desktop/Smart_manual_demo/MySmartManualSample_PC/Content/DankestThings_EnviroSense/EnviroSense/Resource/Textures/T_Switches_Normal.uexp" 592
"C:/Users/USSER/Desktop/Smart_manual_demo/MySmartManualSample_PC/Content/DankestThings_EnviroSense/EnviroSense/Resource/Materials/M_Switches.uasset" 593
"C:/Users/USSER/Desktop/Smart_manual_demo/MySmartManualSample_PC/Content/DankestThings_EnviroSense/EnviroSense/Resource/Materials/M_Switches.uexp" 594
"C:/Users/USSER/Desktop/Smart_manual_demo/MySmartManualSample_PC/Content/DankestThings_EnviroSense/EnviroSense/Resource/Meshes/SM_ButtonCase.ubulk" 595
"C:/Users/USSER/Desktop/Smart_manual_demo/MySmartManualSample_PC/Content/DankestThings_EnviroSense/EnviroSense/Resource/Meshes/SM_ButtonCase.uasset" 596
"C:/Users/USSER/Desktop/Smart_manual_demo/MySmartManualSample_PC/Content/DankestThings_EnviroSense/EnviroSense/Resource/Meshes/SM_ButtonCase.uexp" 597
"C:/Users/USSER/Desktop/Smart_manual_demo/MySmartManualSample_PC/Content/DankestThings_EnviroSense/EnviroSense/EnviroSenseCore/Blueprints/BI_DT_GetConditionalActivator.uasset" 598
"C:/Users/USSER/Desktop/Smart_manual_demo/MySmartManualSample_PC/Content/DankestThings_EnviroSense/EnviroSense/EnviroSenseCore/Blueprints/BI_DT_GetConditionalActivator.uexp" 599
"C:/Users/USSER/Desktop/Smart_manual_demo/MySmartManualSample_PC/Content/DankestThings_EnviroSense/EnviroSense/EnviroSenseCore/Blueprints/BP_DT_SensableConditionalActivator.uasset" 600
"C:/Users/USSER/Desktop/Smart_manual_demo/MySmartManualSample_PC/Content/DankestThings_EnviroSense/EnviroSense/EnviroSenseCore/Blueprints/BP_DT_SensableConditionalActivator.uexp" 601
"C:/Users/USSER/Desktop/Smart_manual_demo/MySmartManualSample_PC/Content/DankestThings_EnviroSense/EnviroSense/EnviroSenseCore/Blueprints/BP_DT_ConditionalInteractor.uasset" 602
"C:/Users/USSER/Desktop/Smart_manual_demo/MySmartManualSample_PC/Content/DankestThings_EnviroSense/EnviroSense/EnviroSenseCore/Blueprints/BP_DT_ConditionalInteractor.uexp" 603
"C:/Users/USSER/Desktop/Smart_manual_demo/MySmartManualSample_PC/Content/DankestThings_EnviroSense/EnviroSense/Resource/Meshes/SM_Button.ubulk" 604
"C:/Users/USSER/Desktop/Smart_manual_demo/MySmartManualSample_PC/Content/DankestThings_EnviroSense/EnviroSense/Resource/Meshes/SM_Button.uasset" 605
"C:/Users/USSER/Desktop/Smart_manual_demo/MySmartManualSample_PC/Content/DankestThings_EnviroSense/EnviroSense/Resource/Meshes/SM_Button.uexp" 606
"C:/Users/USSER/Desktop/Smart_manual_demo/MySmartManualSample_PC/Content/DankestThings_EnviroSense/EnviroSense/EnviroSenseExamples/Blueprints/BP_ConditionalInteractor_Button.uasset" 607
"C:/Users/USSER/Desktop/Smart_manual_demo/MySmartManualSample_PC/Content/DankestThings_EnviroSense/EnviroSense/EnviroSenseExamples/Blueprints/BP_ConditionalInteractor_Button.uexp" 608
"C:/Users/USSER/Desktop/Smart_manual_demo/MySmartManualSample_PC/Content/DankestThings_EnviroSense/EnviroSense/EnviroSenseCore/Struct/F_DT_HandIKStruct.uasset" 609
"C:/Users/USSER/Desktop/Smart_manual_demo/MySmartManualSample_PC/Content/DankestThings_EnviroSense/EnviroSense/EnviroSenseCore/Struct/F_DT_HandIKStruct.uexp" 610
"C:/Users/USSER/Desktop/Smart_manual_demo/MySmartManualSample_PC/Content/DankestThings_EnviroSense/EnviroSense/EnviroSenseCore/Struct/F_DT_SensableCollisionStruct.uasset" 611
"C:/Users/USSER/Desktop/Smart_manual_demo/MySmartManualSample_PC/Content/DankestThings_EnviroSense/EnviroSense/EnviroSenseCore/Struct/F_DT_SensableCollisionStruct.uexp" 612
"C:/Users/USSER/Desktop/Smart_manual_demo/MySmartManualSample_PC/Content/DankestThings_EnviroSense/EnviroSense/EnviroSenseCore/Blueprints/BP_DT_Cpmt_HandSensingController.uasset" 613
"C:/Users/USSER/Desktop/Smart_manual_demo/MySmartManualSample_PC/Content/DankestThings_EnviroSense/EnviroSense/EnviroSenseCore/Blueprints/BP_DT_Cpmt_HandSensingController.uexp" 614
"C:/Users/USSER/Desktop/Smart_manual_demo/MySmartManualSample_PC/Content/DankestThings_EnviroSense/Demo/ThirdPerson/Input/Actions/IA_Look.uasset" 615
"C:/Users/USSER/Desktop/Smart_manual_demo/MySmartManualSample_PC/Content/DankestThings_EnviroSense/Demo/ThirdPerson/Input/Actions/IA_Look.uexp" 616
"C:/Users/USSER/Desktop/Smart_manual_demo/MySmartManualSample_PC/Content/DankestThings_EnviroSense/Demo/ThirdPerson/Input/Actions/IA_O.uasset" 617
"C:/Users/USSER/Desktop/Smart_manual_demo/MySmartManualSample_PC/Content/DankestThings_EnviroSense/Demo/ThirdPerson/Input/Actions/IA_O.uexp" 618
"C:/Users/USSER/Desktop/Smart_manual_demo/MySmartManualSample_PC/Content/DankestThings_EnviroSense/Demo/ThirdPerson/Input/Actions/IA_I.uasset" 619
"C:/Users/USSER/Desktop/Smart_manual_demo/MySmartManualSample_PC/Content/DankestThings_EnviroSense/Demo/ThirdPerson/Input/Actions/IA_I.uexp" 620
"C:/Users/USSER/Desktop/Smart_manual_demo/MySmartManualSample_PC/Content/DankestThings_EnviroSense/Demo/ThirdPerson/Input/Actions/IA_Strafe.uasset" 621
"C:/Users/USSER/Desktop/Smart_manual_demo/MySmartManualSample_PC/Content/DankestThings_EnviroSense/Demo/ThirdPerson/Input/Actions/IA_Strafe.uexp" 622
"C:/Users/USSER/Desktop/Smart_manual_demo/MySmartManualSample_PC/Content/DankestThings_EnviroSense/Demo/ThirdPerson/Input/Actions/IA_Run.uasset" 623
"C:/Users/USSER/Desktop/Smart_manual_demo/MySmartManualSample_PC/Content/DankestThings_EnviroSense/Demo/ThirdPerson/Input/Actions/IA_Run.uexp" 624
"C:/Users/USSER/Desktop/Smart_manual_demo/MySmartManualSample_PC/Content/DankestThings_EnviroSense/Demo/ThirdPerson/Input/Actions/IA_Crouch.uasset" 625
"C:/Users/USSER/Desktop/Smart_manual_demo/MySmartManualSample_PC/Content/DankestThings_EnviroSense/Demo/ThirdPerson/Input/Actions/IA_Crouch.uexp" 626
"C:/Users/USSER/Desktop/Smart_manual_demo/MySmartManualSample_PC/Content/DankestThings_EnviroSense/Demo/ThirdPerson/Input/Actions/IA_U.uasset" 627
"C:/Users/USSER/Desktop/Smart_manual_demo/MySmartManualSample_PC/Content/DankestThings_EnviroSense/Demo/ThirdPerson/Input/Actions/IA_U.uexp" 628
"C:/Users/USSER/Desktop/Smart_manual_demo/MySmartManualSample_PC/Content/DankestThings_EnviroSense/Demo/ThirdPerson/Input/Actions/IA_Move.uasset" 629
"C:/Users/USSER/Desktop/Smart_manual_demo/MySmartManualSample_PC/Content/DankestThings_EnviroSense/Demo/ThirdPerson/Input/Actions/IA_Move.uexp" 630
"C:/Users/USSER/Desktop/Smart_manual_demo/MySmartManualSample_PC/Content/DankestThings_EnviroSense/Demo/ThirdPerson/Input/Actions/IA_Interact.uasset" 631
"C:/Users/USSER/Desktop/Smart_manual_demo/MySmartManualSample_PC/Content/DankestThings_EnviroSense/Demo/ThirdPerson/Input/Actions/IA_Interact.uexp" 632
"C:/Users/USSER/Desktop/Smart_manual_demo/MySmartManualSample_PC/Content/DankestThings_EnviroSense/Demo/ThirdPerson/Input/Actions/IA_Jump.uasset" 633
"C:/Users/USSER/Desktop/Smart_manual_demo/MySmartManualSample_PC/Content/DankestThings_EnviroSense/Demo/ThirdPerson/Input/Actions/IA_Jump.uexp" 634
"C:/Users/USSER/Desktop/Smart_manual_demo/MySmartManualSample_PC/Content/DankestThings_EnviroSense/Demo/ThirdPerson/Input/IMC_Default.uasset" 635
"C:/Users/USSER/Desktop/Smart_manual_demo/MySmartManualSample_PC/Content/DankestThings_EnviroSense/Demo/ThirdPerson/Input/IMC_Default.uexp" 636
"C:/Users/USSER/Desktop/Smart_manual_demo/MySmartManualSample_PC/Content/DankestThings_EnviroSense/Demo/LyraAnimations/MM_Unarmed_Crouch_Idle.uasset" 637
"C:/Users/USSER/Desktop/Smart_manual_demo/MySmartManualSample_PC/Content/DankestThings_EnviroSense/Demo/LyraAnimations/MM_Unarmed_Crouch_Idle.m.ubulk" 638
"C:/Users/USSER/Desktop/Smart_manual_demo/MySmartManualSample_PC/Content/DankestThings_EnviroSense/Demo/LyraAnimations/MM_Unarmed_Crouch_Idle.uexp" 639
"C:/Users/USSER/Desktop/Smart_manual_demo/MySmartManualSample_PC/Content/DankestThings_EnviroSense/Demo/ThirdPerson/Blueprints/BP_ThirdPersonCharacter_Child.uasset" 640
"C:/Users/USSER/Desktop/Smart_manual_demo/MySmartManualSample_PC/Content/DankestThings_EnviroSense/Demo/ThirdPerson/Blueprints/BP_ThirdPersonCharacter_Child.uexp" 641
"C:/Users/USSER/Desktop/Smart_manual_demo/MySmartManualSample_PC/Content/DankestThings_EnviroSense/EnviroSense/Animations/AS_GripHands.uasset" 642
"C:/Users/USSER/Desktop/Smart_manual_demo/MySmartManualSample_PC/Content/DankestThings_EnviroSense/EnviroSense/Animations/AS_GripHands.m.ubulk" 643
"C:/Users/USSER/Desktop/Smart_manual_demo/MySmartManualSample_PC/Content/DankestThings_EnviroSense/EnviroSense/Animations/AS_GripHands.uexp" 644
"C:/Users/USSER/Desktop/Smart_manual_demo/MySmartManualSample_PC/Content/DankestThings_EnviroSense/EnviroSense/Animations/AS_PinchHands.uasset" 645
"C:/Users/USSER/Desktop/Smart_manual_demo/MySmartManualSample_PC/Content/DankestThings_EnviroSense/EnviroSense/Animations/AS_PinchHands.m.ubulk" 646
"C:/Users/USSER/Desktop/Smart_manual_demo/MySmartManualSample_PC/Content/DankestThings_EnviroSense/EnviroSense/Animations/AS_PinchHands.uexp" 647
"C:/Users/USSER/Desktop/Smart_manual_demo/MySmartManualSample_PC/Content/DankestThings_EnviroSense/EnviroSense/AnimationBlueprints/Experimental/Animation/AS_HandsByChest.uasset" 648
"C:/Users/USSER/Desktop/Smart_manual_demo/MySmartManualSample_PC/Content/DankestThings_EnviroSense/EnviroSense/AnimationBlueprints/Experimental/Animation/AS_HandsByChest.m.ubulk" 649
"C:/Users/USSER/Desktop/Smart_manual_demo/MySmartManualSample_PC/Content/DankestThings_EnviroSense/EnviroSense/AnimationBlueprints/Experimental/Animation/AS_HandsByChest.uexp" 650
"C:/Users/USSER/Desktop/Smart_manual_demo/MySmartManualSample_PC/Content/DankestThings_EnviroSense/EnviroSense/AnimationBlueprints/Experimental/Crv_ClavicleHeightCurve.uasset" 651
"C:/Users/USSER/Desktop/Smart_manual_demo/MySmartManualSample_PC/Content/DankestThings_EnviroSense/EnviroSense/AnimationBlueprints/Experimental/Crv_ClavicleHeightCurve.uexp" 652
"C:/Users/USSER/Desktop/Smart_manual_demo/MySmartManualSample_PC/Content/DankestThings_EnviroSense/EnviroSense/Animations/AS_TwistSwitchHands.uasset" 653
"C:/Users/USSER/Desktop/Smart_manual_demo/MySmartManualSample_PC/Content/DankestThings_EnviroSense/EnviroSense/Animations/AS_TwistSwitchHands.m.ubulk" 654
"C:/Users/USSER/Desktop/Smart_manual_demo/MySmartManualSample_PC/Content/DankestThings_EnviroSense/EnviroSense/Animations/AS_TwistSwitchHands.uexp" 655
"C:/Users/USSER/Desktop/Smart_manual_demo/MySmartManualSample_PC/Content/DankestThings_EnviroSense/EnviroSense/Animations/AS_FlatHands.uasset" 656
"C:/Users/USSER/Desktop/Smart_manual_demo/MySmartManualSample_PC/Content/DankestThings_EnviroSense/EnviroSense/Animations/AS_FlatHands.m.ubulk" 657
"C:/Users/USSER/Desktop/Smart_manual_demo/MySmartManualSample_PC/Content/DankestThings_EnviroSense/EnviroSense/Animations/AS_FlatHands.uexp" 658
"C:/Users/USSER/Desktop/Smart_manual_demo/MySmartManualSample_PC/Content/DankestThings_EnviroSense/EnviroSense/Animations/AS_PointingHands.uasset" 659
"C:/Users/USSER/Desktop/Smart_manual_demo/MySmartManualSample_PC/Content/DankestThings_EnviroSense/EnviroSense/Animations/AS_PointingHands.m.ubulk" 660
"C:/Users/USSER/Desktop/Smart_manual_demo/MySmartManualSample_PC/Content/DankestThings_EnviroSense/EnviroSense/Animations/AS_PointingHands.uexp" 661
"C:/Users/USSER/Desktop/Smart_manual_demo/MySmartManualSample_PC/Content/DankestThings_EnviroSense/EnviroSense/Animations/AS_RelaxedFlatHands.uasset" 662
"C:/Users/USSER/Desktop/Smart_manual_demo/MySmartManualSample_PC/Content/DankestThings_EnviroSense/EnviroSense/Animations/AS_RelaxedFlatHands.m.ubulk" 663
"C:/Users/USSER/Desktop/Smart_manual_demo/MySmartManualSample_PC/Content/DankestThings_EnviroSense/EnviroSense/Animations/AS_RelaxedFlatHands.uexp" 664
"C:/Users/USSER/Desktop/Smart_manual_demo/MySmartManualSample_PC/Content/DankestThings_EnviroSense/EnviroSense/Animations/AS_StretchedOpenHands.uasset" 665
"C:/Users/USSER/Desktop/Smart_manual_demo/MySmartManualSample_PC/Content/DankestThings_EnviroSense/EnviroSense/Animations/AS_StretchedOpenHands.m.ubulk" 666
"C:/Users/USSER/Desktop/Smart_manual_demo/MySmartManualSample_PC/Content/DankestThings_EnviroSense/EnviroSense/Animations/AS_StretchedOpenHands.uexp" 667
"C:/Users/USSER/Desktop/Smart_manual_demo/MySmartManualSample_PC/Content/DankestThings_EnviroSense/EnviroSense/AnimationBlueprints/Experimental/ABP/ABP_DT_HandIK_Right_ProcShoulderAndArm.uasset" 668
"C:/Users/USSER/Desktop/Smart_manual_demo/MySmartManualSample_PC/Content/DankestThings_EnviroSense/EnviroSense/AnimationBlueprints/Experimental/ABP/ABP_DT_HandIK_Right_ProcShoulderAndArm.uexp" 669
"C:/Users/USSER/Desktop/Smart_manual_demo/MySmartManualSample_PC/Content/DankestThings_EnviroSense/EnviroSense/AnimationBlueprints/ABP_DT_HandIK_Left.uasset" 670
"C:/Users/USSER/Desktop/Smart_manual_demo/MySmartManualSample_PC/Content/DankestThings_EnviroSense/EnviroSense/AnimationBlueprints/ABP_DT_HandIK_Left.uexp" 671
"C:/Users/USSER/Desktop/Smart_manual_demo/MySmartManualSample_PC/Content/DankestThings_EnviroSense/EnviroSense/AnimationBlueprints/Experimental/ABP/ABP_DT_HandIK_Left_ProcShoulderAndArm.uasset" 672
"C:/Users/USSER/Desktop/Smart_manual_demo/MySmartManualSample_PC/Content/DankestThings_EnviroSense/EnviroSense/AnimationBlueprints/Experimental/ABP/ABP_DT_HandIK_Left_ProcShoulderAndArm.uexp" 673
"C:/Users/USSER/Desktop/Smart_manual_demo/MySmartManualSample_PC/Content/DankestThings_EnviroSense/EnviroSense/AnimationBlueprints/ABP_DT_HandIK_Right.uasset" 674
"C:/Users/USSER/Desktop/Smart_manual_demo/MySmartManualSample_PC/Content/DankestThings_EnviroSense/EnviroSense/AnimationBlueprints/ABP_DT_HandIK_Right.uexp" 675
"C:/Users/USSER/Desktop/Smart_manual_demo/MySmartManualSample_PC/Content/DankestThings_EnviroSense/EnviroSense/AnimationBlueprints/ABP_DT_AnimGraph_Extended_Output.uasset" 676
"C:/Users/USSER/Desktop/Smart_manual_demo/MySmartManualSample_PC/Content/DankestThings_EnviroSense/EnviroSense/AnimationBlueprints/ABP_DT_AnimGraph_Extended_Output.uexp" 677
"C:/Users/USSER/Desktop/Smart_manual_demo/MySmartManualSample_PC/Content/DankestThings_EnviroSense/Demo/Characters/Mannequins/Animations/Manny/MM_Run_Fwd.uasset" 678
"C:/Users/USSER/Desktop/Smart_manual_demo/MySmartManualSample_PC/Content/DankestThings_EnviroSense/Demo/Characters/Mannequins/Animations/Manny/MM_Run_Fwd.m.ubulk" 679
"C:/Users/USSER/Desktop/Smart_manual_demo/MySmartManualSample_PC/Content/DankestThings_EnviroSense/Demo/Characters/Mannequins/Animations/Manny/MM_Run_Fwd.uexp" 680
"C:/Users/USSER/Desktop/Smart_manual_demo/MySmartManualSample_PC/Content/DankestThings_EnviroSense/Demo/Characters/Mannequins/Animations/Manny/MM_Walk_InPlace.uasset" 681
"C:/Users/USSER/Desktop/Smart_manual_demo/MySmartManualSample_PC/Content/DankestThings_EnviroSense/Demo/Characters/Mannequins/Animations/Manny/MM_Walk_InPlace.m.ubulk" 682
"C:/Users/USSER/Desktop/Smart_manual_demo/MySmartManualSample_PC/Content/DankestThings_EnviroSense/Demo/Characters/Mannequins/Animations/Manny/MM_Walk_InPlace.uexp" 683
"C:/Users/USSER/Desktop/Smart_manual_demo/MySmartManualSample_PC/Content/DankestThings_EnviroSense/Demo/Characters/Mannequins/Animations/Manny/MM_Walk_Fwd.uasset" 684
"C:/Users/USSER/Desktop/Smart_manual_demo/MySmartManualSample_PC/Content/DankestThings_EnviroSense/Demo/Characters/Mannequins/Animations/Manny/MM_Walk_Fwd.m.ubulk" 685
"C:/Users/USSER/Desktop/Smart_manual_demo/MySmartManualSample_PC/Content/DankestThings_EnviroSense/Demo/Characters/Mannequins/Animations/Manny/MM_Walk_Fwd.uexp" 686
"C:/Users/USSER/Desktop/Smart_manual_demo/MySmartManualSample_PC/Content/DankestThings_EnviroSense/Demo/Characters/Mannequins/Animations/Manny/BS_MM_WalkRun.uasset" 687
"C:/Users/USSER/Desktop/Smart_manual_demo/MySmartManualSample_PC/Content/DankestThings_EnviroSense/Demo/Characters/Mannequins/Animations/Manny/BS_MM_WalkRun.uexp" 688
"C:/Users/USSER/Desktop/Smart_manual_demo/MySmartManualSample_PC/Content/DankestThings_EnviroSense/Demo/Characters/Mannequins/Animations/Manny/MM_Idle.uasset" 689
"C:/Users/USSER/Desktop/Smart_manual_demo/MySmartManualSample_PC/Content/DankestThings_EnviroSense/Demo/Characters/Mannequins/Animations/Manny/MM_Idle.m.ubulk" 690
"C:/Users/USSER/Desktop/Smart_manual_demo/MySmartManualSample_PC/Content/DankestThings_EnviroSense/Demo/Characters/Mannequins/Animations/Manny/MM_Idle.uexp" 691
"C:/Users/USSER/Desktop/Smart_manual_demo/MySmartManualSample_PC/Content/DankestThings_EnviroSense/Demo/Characters/Mannequins/Rigs/CR_Mannequin_BasicFootIK.uasset" 692
"C:/Users/USSER/Desktop/Smart_manual_demo/MySmartManualSample_PC/Content/DankestThings_EnviroSense/Demo/Characters/Mannequins/Rigs/CR_Mannequin_BasicFootIK.uexp" 693
"C:/Users/USSER/Desktop/Smart_manual_demo/MySmartManualSample_PC/Content/DankestThings_EnviroSense/Demo/Characters/Mannequins/Animations/Manny/MM_Land.uasset" 694
"C:/Users/USSER/Desktop/Smart_manual_demo/MySmartManualSample_PC/Content/DankestThings_EnviroSense/Demo/Characters/Mannequins/Animations/Manny/MM_Land.m.ubulk" 695
"C:/Users/USSER/Desktop/Smart_manual_demo/MySmartManualSample_PC/Content/DankestThings_EnviroSense/Demo/Characters/Mannequins/Animations/Manny/MM_Land.uexp" 696
"C:/Users/USSER/Desktop/Smart_manual_demo/MySmartManualSample_PC/Content/DankestThings_EnviroSense/Demo/Characters/Mannequins/Animations/Manny/MM_Fall_Loop.uasset" 697
"C:/Users/USSER/Desktop/Smart_manual_demo/MySmartManualSample_PC/Content/DankestThings_EnviroSense/Demo/Characters/Mannequins/Animations/Manny/MM_Fall_Loop.m.ubulk" 698
"C:/Users/USSER/Desktop/Smart_manual_demo/MySmartManualSample_PC/Content/DankestThings_EnviroSense/Demo/Characters/Mannequins/Animations/Manny/MM_Fall_Loop.uexp" 699
"C:/Users/USSER/Desktop/Smart_manual_demo/MySmartManualSample_PC/Content/DankestThings_EnviroSense/Demo/Characters/Mannequins/Animations/Manny/MM_Jump.uasset" 700
"C:/Users/USSER/Desktop/Smart_manual_demo/MySmartManualSample_PC/Content/DankestThings_EnviroSense/Demo/Characters/Mannequins/Animations/Manny/MM_Jump.m.ubulk" 701
"C:/Users/USSER/Desktop/Smart_manual_demo/MySmartManualSample_PC/Content/DankestThings_EnviroSense/Demo/Characters/Mannequins/Animations/Manny/MM_Jump.uexp" 702
"C:/Users/USSER/Desktop/Smart_manual_demo/MySmartManualSample_PC/Content/DankestThings_EnviroSense/Demo/LyraAnimations/MM_Unarmed_Crouch_Walk_Fwd_InPlace.uasset" 703
"C:/Users/USSER/Desktop/Smart_manual_demo/MySmartManualSample_PC/Content/DankestThings_EnviroSense/Demo/LyraAnimations/MM_Unarmed_Crouch_Walk_Fwd_InPlace.m.ubulk" 704
"C:/Users/USSER/Desktop/Smart_manual_demo/MySmartManualSample_PC/Content/DankestThings_EnviroSense/Demo/LyraAnimations/MM_Unarmed_Crouch_Walk_Fwd_InPlace.uexp" 705
"C:/Users/USSER/Desktop/Smart_manual_demo/MySmartManualSample_PC/Content/DankestThings_EnviroSense/Demo/LyraAnimations/MM_Unarmed_Crouch_Walk_Fwd.uasset" 706
"C:/Users/USSER/Desktop/Smart_manual_demo/MySmartManualSample_PC/Content/DankestThings_EnviroSense/Demo/LyraAnimations/MM_Unarmed_Crouch_Walk_Fwd.m.ubulk" 707
"C:/Users/USSER/Desktop/Smart_manual_demo/MySmartManualSample_PC/Content/DankestThings_EnviroSense/Demo/LyraAnimations/MM_Unarmed_Crouch_Walk_Fwd.uexp" 708
"C:/Users/USSER/Desktop/Smart_manual_demo/MySmartManualSample_PC/Content/DankestThings_EnviroSense/Demo/LyraAnimations/BS_MF_Unarmed_CrouchWalk.uasset" 709
"C:/Users/USSER/Desktop/Smart_manual_demo/MySmartManualSample_PC/Content/DankestThings_EnviroSense/Demo/LyraAnimations/BS_MF_Unarmed_CrouchWalk.uexp" 710
"C:/Users/USSER/Desktop/Smart_manual_demo/MySmartManualSample_PC/Content/DankestThings_EnviroSense/Demo/Characters/Mannequins/Animations/ABP_Manny.uasset" 711
"C:/Users/USSER/Desktop/Smart_manual_demo/MySmartManualSample_PC/Content/DankestThings_EnviroSense/Demo/Characters/Mannequins/Animations/ABP_Manny.uexp" 712
"C:/Users/USSER/Desktop/Smart_manual_demo/MySmartManualSample_PC/Content/DankestThings_EnviroSense/Demo/Characters/Mannequins/Animations/Quinn/MF_Walk_Fwd.uasset" 713
"C:/Users/USSER/Desktop/Smart_manual_demo/MySmartManualSample_PC/Content/DankestThings_EnviroSense/Demo/Characters/Mannequins/Animations/Quinn/MF_Walk_Fwd.m.ubulk" 714
"C:/Users/USSER/Desktop/Smart_manual_demo/MySmartManualSample_PC/Content/DankestThings_EnviroSense/Demo/Characters/Mannequins/Animations/Quinn/MF_Walk_Fwd.uexp" 715
"C:/Users/USSER/Desktop/Smart_manual_demo/MySmartManualSample_PC/Content/DankestThings_EnviroSense/Demo/Characters/Mannequins/Animations/Quinn/MF_Run_Fwd.uasset" 716
"C:/Users/USSER/Desktop/Smart_manual_demo/MySmartManualSample_PC/Content/DankestThings_EnviroSense/Demo/Characters/Mannequins/Animations/Quinn/MF_Run_Fwd.m.ubulk" 717
"C:/Users/USSER/Desktop/Smart_manual_demo/MySmartManualSample_PC/Content/DankestThings_EnviroSense/Demo/Characters/Mannequins/Animations/Quinn/MF_Run_Fwd.uexp" 718
"C:/Users/USSER/Desktop/Smart_manual_demo/MySmartManualSample_PC/Content/DankestThings_EnviroSense/Demo/Characters/Mannequins/Animations/Quinn/BS_MF_Unarmed_WalkRun.uasset" 719
"C:/Users/USSER/Desktop/Smart_manual_demo/MySmartManualSample_PC/Content/DankestThings_EnviroSense/Demo/Characters/Mannequins/Animations/Quinn/BS_MF_Unarmed_WalkRun.uexp" 720
"C:/Users/USSER/Desktop/Smart_manual_demo/MySmartManualSample_PC/Content/DankestThings_EnviroSense/Demo/Characters/Mannequins/Animations/Quinn/MF_Idle.uasset" 721
"C:/Users/USSER/Desktop/Smart_manual_demo/MySmartManualSample_PC/Content/DankestThings_EnviroSense/Demo/Characters/Mannequins/Animations/Quinn/MF_Idle.m.ubulk" 722
"C:/Users/USSER/Desktop/Smart_manual_demo/MySmartManualSample_PC/Content/DankestThings_EnviroSense/Demo/Characters/Mannequins/Animations/Quinn/MF_Idle.uexp" 723
"C:/Users/USSER/Desktop/Smart_manual_demo/MySmartManualSample_PC/Content/DankestThings_EnviroSense/Demo/Characters/Mannequins/Animations/ABP_Quinn.uasset" 724
"C:/Users/USSER/Desktop/Smart_manual_demo/MySmartManualSample_PC/Content/DankestThings_EnviroSense/Demo/Characters/Mannequins/Animations/ABP_Quinn.uexp" 725
"C:/Users/USSER/Desktop/Smart_manual_demo/MySmartManualSample_PC/Content/DankestThings_EnviroSense/Demo/Characters/Mannequins/Meshes/SKM_Quinn_Simple.uasset" 726
"C:/Users/USSER/Desktop/Smart_manual_demo/MySmartManualSample_PC/Content/DankestThings_EnviroSense/Demo/Characters/Mannequins/Meshes/SKM_Quinn_Simple.uexp" 727
"C:/Users/USSER/Desktop/Smart_manual_demo/MySmartManualSample_PC/Content/DankestThings_EnviroSense/Demo/ThirdPerson/Blueprints/BP_ThirdPersonCharacter.uasset" 728
"C:/Users/USSER/Desktop/Smart_manual_demo/MySmartManualSample_PC/Content/DankestThings_EnviroSense/Demo/ThirdPerson/Blueprints/BP_ThirdPersonCharacter.uexp" 729
"C:/Users/USSER/Desktop/Smart_manual_demo/MySmartManualSample_PC/Content/Test/Blueprints/BP_ThirdPersonCharacter_Child.uasset" 730
"C:/Users/USSER/Desktop/Smart_manual_demo/MySmartManualSample_PC/Content/Test/Blueprints/BP_ThirdPersonCharacter_Child.uexp" 731
"C:/Users/USSER/Desktop/Smart_manual_demo/MySmartManualSample_PC/Content/FirstPerson/Input/Actions/IA_Shoot.uasset" 732
"C:/Users/USSER/Desktop/Smart_manual_demo/MySmartManualSample_PC/Content/FirstPerson/Input/Actions/IA_Shoot.uexp" 733
"C:/Users/USSER/Desktop/Smart_manual_demo/MySmartManualSample_PC/Content/FirstPerson/Input/IMC_Weapons.uasset" 734
"C:/Users/USSER/Desktop/Smart_manual_demo/MySmartManualSample_PC/Content/FirstPerson/Input/IMC_Weapons.uexp" 735
"C:/Users/USSER/Desktop/Smart_manual_demo/MySmartManualSample_PC/Content/FPWeapon/Mesh/SK_FPGun_Skeleton.uasset" 736
"C:/Users/USSER/Desktop/Smart_manual_demo/MySmartManualSample_PC/Content/FPWeapon/Mesh/SK_FPGun_Skeleton.uexp" 737
"C:/Users/USSER/Desktop/Smart_manual_demo/MySmartManualSample_PC/Content/FPWeapon/Materials/MaterialLayers/T_ML_Rubber_Blue_01_D.ubulk" 738
"C:/Users/USSER/Desktop/Smart_manual_demo/MySmartManualSample_PC/Content/FPWeapon/Materials/MaterialLayers/T_ML_Rubber_Blue_01_D.uasset" 739
"C:/Users/USSER/Desktop/Smart_manual_demo/MySmartManualSample_PC/Content/FPWeapon/Materials/MaterialLayers/T_ML_Rubber_Blue_01_D.uexp" 740
"C:/Users/USSER/Desktop/Smart_manual_demo/MySmartManualSample_PC/Content/FPWeapon/Textures/T_FPGun_N.ubulk" 741
"C:/Users/USSER/Desktop/Smart_manual_demo/MySmartManualSample_PC/Content/FPWeapon/Textures/T_FPGun_N.uasset" 742
"C:/Users/USSER/Desktop/Smart_manual_demo/MySmartManualSample_PC/Content/FPWeapon/Textures/T_FPGun_N.uexp" 743
"../../../Engine/Content/Functions/Engine_MaterialFunctions02/Utility/BlendAngleCorrectedNormals.uasset" 744
"../../../Engine/Content/Functions/Engine_MaterialFunctions02/Utility/BlendAngleCorrectedNormals.uexp" 745
"../../../Engine/Content/Functions/MaterialLayerFunctions/MatLayerBlend_NormalBlend.uasset" 746
"../../../Engine/Content/Functions/MaterialLayerFunctions/MatLayerBlend_NormalBlend.uexp" 747
"C:/Users/USSER/Desktop/Smart_manual_demo/MySmartManualSample_PC/Content/FPWeapon/Materials/MaterialLayers/T_ML_Rubber_Blue_01_N.ubulk" 748
"C:/Users/USSER/Desktop/Smart_manual_demo/MySmartManualSample_PC/Content/FPWeapon/Materials/MaterialLayers/T_ML_Rubber_Blue_01_N.uasset" 749
"C:/Users/USSER/Desktop/Smart_manual_demo/MySmartManualSample_PC/Content/FPWeapon/Materials/MaterialLayers/T_ML_Rubber_Blue_01_N.uexp" 750
"C:/Users/USSER/Desktop/Smart_manual_demo/MySmartManualSample_PC/Content/FPWeapon/Materials/MaterialLayers/ML_Screen.uasset" 751
"C:/Users/USSER/Desktop/Smart_manual_demo/MySmartManualSample_PC/Content/FPWeapon/Materials/MaterialLayers/ML_Screen.uexp" 752
"C:/Users/USSER/Desktop/Smart_manual_demo/MySmartManualSample_PC/Content/FPWeapon/Materials/MaterialLayers/T_ML_Aluminum01_N.ubulk" 753
"C:/Users/USSER/Desktop/Smart_manual_demo/MySmartManualSample_PC/Content/FPWeapon/Materials/MaterialLayers/T_ML_Aluminum01_N.uasset" 754
"C:/Users/USSER/Desktop/Smart_manual_demo/MySmartManualSample_PC/Content/FPWeapon/Materials/MaterialLayers/T_ML_Aluminum01_N.uexp" 755
"C:/Users/USSER/Desktop/Smart_manual_demo/MySmartManualSample_PC/Content/FPWeapon/Materials/MaterialLayers/T_ML_Aluminum01.ubulk" 756
"C:/Users/USSER/Desktop/Smart_manual_demo/MySmartManualSample_PC/Content/FPWeapon/Materials/MaterialLayers/T_ML_Aluminum01.uasset" 757
"C:/Users/USSER/Desktop/Smart_manual_demo/MySmartManualSample_PC/Content/FPWeapon/Materials/MaterialLayers/T_ML_Aluminum01.uexp" 758
"C:/Users/USSER/Desktop/Smart_manual_demo/MySmartManualSample_PC/Content/FPWeapon/Materials/MaterialLayers/ML_SoftMetal_UE4.uasset" 759
"C:/Users/USSER/Desktop/Smart_manual_demo/MySmartManualSample_PC/Content/FPWeapon/Materials/MaterialLayers/ML_SoftMetal_UE4.uexp" 760
"../../../Engine/Content/Functions/MaterialLayerFunctions/MatLayerBlend_Simple.uasset" 761
"../../../Engine/Content/Functions/MaterialLayerFunctions/MatLayerBlend_Simple.uexp" 762
"C:/Users/USSER/Desktop/Smart_manual_demo/MySmartManualSample_PC/Content/FPWeapon/Textures/T_FPGun_M.ubulk" 763
"C:/Users/USSER/Desktop/Smart_manual_demo/MySmartManualSample_PC/Content/FPWeapon/Textures/T_FPGun_M.uasset" 764
"C:/Users/USSER/Desktop/Smart_manual_demo/MySmartManualSample_PC/Content/FPWeapon/Textures/T_FPGun_M.uexp" 765
"C:/Users/USSER/Desktop/Smart_manual_demo/MySmartManualSample_PC/Content/FPWeapon/Materials/MaterialLayers/ML_Plastic_Shiny_Beige.uasset" 766
"C:/Users/USSER/Desktop/Smart_manual_demo/MySmartManualSample_PC/Content/FPWeapon/Materials/MaterialLayers/ML_Plastic_Shiny_Beige.uexp" 767
"C:/Users/USSER/Desktop/Smart_manual_demo/MySmartManualSample_PC/Content/FPWeapon/Materials/MaterialLayers/ML_GlossyBlack_Latex_UE4.uasset" 768
"C:/Users/USSER/Desktop/Smart_manual_demo/MySmartManualSample_PC/Content/FPWeapon/Materials/MaterialLayers/ML_GlossyBlack_Latex_UE4.uexp" 769
"C:/Users/USSER/Desktop/Smart_manual_demo/MySmartManualSample_PC/Content/FPWeapon/Materials/M_FPGun.uasset" 770
"C:/Users/USSER/Desktop/Smart_manual_demo/MySmartManualSample_PC/Content/FPWeapon/Materials/M_FPGun.uexp" 771
"C:/Users/USSER/Desktop/Smart_manual_demo/MySmartManualSample_PC/Content/FPWeapon/Mesh/SK_FPGun_Physics.uasset" 772
"C:/Users/USSER/Desktop/Smart_manual_demo/MySmartManualSample_PC/Content/FPWeapon/Mesh/SK_FPGun_Physics.uexp" 773
"C:/Users/USSER/Desktop/Smart_manual_demo/MySmartManualSample_PC/Content/FPWeapon/Mesh/SK_FPGun.uasset" 774
"C:/Users/USSER/Desktop/Smart_manual_demo/MySmartManualSample_PC/Content/FPWeapon/Mesh/SK_FPGun.uexp" 775
"C:/Users/USSER/Desktop/Smart_manual_demo/MySmartManualSample_PC/Content/FPWeapon/Audio/FirstPersonTemplateWeaponFire02.ubulk" 776
"C:/Users/USSER/Desktop/Smart_manual_demo/MySmartManualSample_PC/Content/FPWeapon/Audio/FirstPersonTemplateWeaponFire02.uasset" 777
"C:/Users/USSER/Desktop/Smart_manual_demo/MySmartManualSample_PC/Content/FPWeapon/Audio/FirstPersonTemplateWeaponFire02.uexp" 778
"C:/Users/USSER/Desktop/Smart_manual_demo/MySmartManualSample_PC/Content/FPWeapon/Materials/BaseMaterial.uasset" 779
"C:/Users/USSER/Desktop/Smart_manual_demo/MySmartManualSample_PC/Content/FPWeapon/Materials/BaseMaterial.uexp" 780
"C:/Users/USSER/Desktop/Smart_manual_demo/MySmartManualSample_PC/Content/FPWeapon/Materials/FirstPersonProjectileMaterial.uasset" 781
"C:/Users/USSER/Desktop/Smart_manual_demo/MySmartManualSample_PC/Content/FPWeapon/Materials/FirstPersonProjectileMaterial.uexp" 782
"C:/Users/USSER/Desktop/Smart_manual_demo/MySmartManualSample_PC/Content/FPWeapon/Mesh/FirstPersonProjectileMesh.ubulk" 783
"C:/Users/USSER/Desktop/Smart_manual_demo/MySmartManualSample_PC/Content/FPWeapon/Mesh/FirstPersonProjectileMesh.uasset" 784
"C:/Users/USSER/Desktop/Smart_manual_demo/MySmartManualSample_PC/Content/FPWeapon/Mesh/FirstPersonProjectileMesh.uexp" 785
"C:/Users/USSER/Desktop/Smart_manual_demo/MySmartManualSample_PC/Content/FirstPerson/Blueprints/BP_FirstPersonProjectile.uasset" 786
"C:/Users/USSER/Desktop/Smart_manual_demo/MySmartManualSample_PC/Content/FirstPerson/Blueprints/BP_FirstPersonProjectile.uexp" 787
"C:/Users/USSER/Desktop/Smart_manual_demo/MySmartManualSample_PC/Content/FirstPersonArms/Animations/FP_Rifle_Fire.uasset" 788
"C:/Users/USSER/Desktop/Smart_manual_demo/MySmartManualSample_PC/Content/FirstPersonArms/Animations/FP_Rifle_Fire.m.ubulk" 789
"C:/Users/USSER/Desktop/Smart_manual_demo/MySmartManualSample_PC/Content/FirstPersonArms/Animations/FP_Rifle_Fire.uexp" 790
"C:/Users/USSER/Desktop/Smart_manual_demo/MySmartManualSample_PC/Content/FirstPersonArms/Animations/FP_Rifle_Shoot_Montage.uasset" 791
"C:/Users/USSER/Desktop/Smart_manual_demo/MySmartManualSample_PC/Content/FirstPersonArms/Animations/FP_Rifle_Shoot_Montage.uexp" 792
"C:/Users/USSER/Desktop/Smart_manual_demo/MySmartManualSample_PC/Content/FirstPerson/Blueprints/BP_Weapon_Component.uasset" 793
"C:/Users/USSER/Desktop/Smart_manual_demo/MySmartManualSample_PC/Content/FirstPerson/Blueprints/BP_Weapon_Component.uexp" 794
"C:/Users/USSER/Desktop/Smart_manual_demo/MySmartManualSample_PC/Content/FirstPerson/Blueprints/BP_Pickup_Rifle.uasset" 795
"C:/Users/USSER/Desktop/Smart_manual_demo/MySmartManualSample_PC/Content/FirstPerson/Blueprints/BP_Pickup_Rifle.uexp" 796
"C:/Users/USSER/Desktop/Smart_manual_demo/MySmartManualSample_PC/Content/FirstPerson/Blueprints/BP_FirstPersonGameMode.uasset" 797
"C:/Users/USSER/Desktop/Smart_manual_demo/MySmartManualSample_PC/Content/FirstPerson/Blueprints/BP_FirstPersonGameMode.uexp" 798
"../../../Engine/Content/EngineResources/FilmGrains/Marcie_Grain_v3_128_M2_000.uasset" 799
"../../../Engine/Content/EngineResources/FilmGrains/Marcie_Grain_v3_128_M2_000.uexp" 800
"../../../Engine/Content/EngineMaterials/LTC/Sheen_LTC.uasset" 801
"../../../Engine/Content/EngineMaterials/LTC/Sheen_LTC.uexp" 802
"../../../Engine/Content/EngineMaterials/LTC/GGX_LTCMat.uasset" 803
"../../../Engine/Content/EngineMaterials/LTC/GGX_LTCMat.uexp" 804
"../../../Engine/Content/EngineMaterials/LTC/GGX_LTCAmp.uasset" 805
"../../../Engine/Content/EngineMaterials/LTC/GGX_LTCAmp.uexp" 806
"../../../Engine/Content/EngineMaterials/EnergyConservation/Sheen_Energy.uasset" 807
"../../../Engine/Content/EngineMaterials/EnergyConservation/Sheen_Energy.uexp" 808
"../../../Engine/Content/EngineMaterials/EnergyConservation/SheenLegacy_Energy.uasset" 809
"../../../Engine/Content/EngineMaterials/EnergyConservation/SheenLegacy_Energy.uexp" 810
"../../../Engine/Content/EngineMaterials/EnergyConservation/GGX_TransmissionEnergyArray.uasset" 811
"../../../Engine/Content/EngineMaterials/EnergyConservation/GGX_TransmissionEnergyArray.uexp" 812
"../../../Engine/Content/EngineMaterials/EnergyConservation/GGX_ReflectionEnergy.uasset" 813
"../../../Engine/Content/EngineMaterials/EnergyConservation/GGX_ReflectionEnergy.uexp" 814
"../../../Engine/Content/EngineMaterials/EnergyConservation/Diffuse_Energy.uasset" 815
"../../../Engine/Content/EngineMaterials/EnergyConservation/Diffuse_Energy.uexp" 816
"../../../Engine/Content/EditorResources/SequenceRecorder/RecordingIndicator.uasset" 817
"../../../Engine/Content/EditorResources/SequenceRecorder/RecordingIndicator.uexp" 818
"../../../Engine/Content/EditorResources/SequenceRecorder/Countdown.uasset" 819
"../../../Engine/Content/EditorResources/SequenceRecorder/Countdown.uexp" 820
"../../../Engine/Content/EditorMaterials/ParticleSystems/PSysThumbnail_OOD.ubulk" 821
"../../../Engine/Content/EditorMaterials/ParticleSystems/PSysThumbnail_OOD.uasset" 822
"../../../Engine/Content/EditorMaterials/ParticleSystems/PSysThumbnail_OOD.uexp" 823
"../../../Engine/Content/EditorMaterials/ParticleSystems/PSysThumbnail_NoImage.ubulk" 824
"../../../Engine/Content/EditorMaterials/ParticleSystems/PSysThumbnail_NoImage.uasset" 825
"../../../Engine/Content/EditorMaterials/ParticleSystems/PSysThumbnail_NoImage.uexp" 826
"C:/Users/USSER/Desktop/Smart_manual_demo/MySmartManualSample_PC/Content/FPWeapon/Materials/MaterialLayers/T_ML_FineRubber.ubulk" 827
"C:/Users/USSER/Desktop/Smart_manual_demo/MySmartManualSample_PC/Content/FPWeapon/Materials/MaterialLayers/T_ML_FineRubber.uasset" 828
"C:/Users/USSER/Desktop/Smart_manual_demo/MySmartManualSample_PC/Content/FPWeapon/Materials/MaterialLayers/T_ML_FineRubber.uexp" 829
"C:/Users/USSER/Desktop/Smart_manual_demo/MySmartManualSample_PC/Content/DankestThings_EnviroSense/EnviroSense/Resource/Textures/T_Keypad_Height.ubulk" 830
"C:/Users/USSER/Desktop/Smart_manual_demo/MySmartManualSample_PC/Content/DankestThings_EnviroSense/EnviroSense/Resource/Textures/T_Keypad_Height.uasset" 831
"C:/Users/USSER/Desktop/Smart_manual_demo/MySmartManualSample_PC/Content/DankestThings_EnviroSense/EnviroSense/Resource/Textures/T_Keypad_Height.uexp" 832
"../../../Engine/Content/BasicShapes/Cylinder.ubulk" 833
"../../../Engine/Content/BasicShapes/Cylinder.uasset" 834
"../../../Engine/Content/BasicShapes/Cylinder.uexp" 835
"C:/Users/USSER/Desktop/Smart_manual_demo/MySmartManualSample_PC/Content/DankestThings_EnviroSense/EnviroSense/EnviroSenseCore/Blueprints/BI_DT_Sensing_AbortIK.uasset" 836
"C:/Users/USSER/Desktop/Smart_manual_demo/MySmartManualSample_PC/Content/DankestThings_EnviroSense/EnviroSense/EnviroSenseCore/Blueprints/BI_DT_Sensing_AbortIK.uexp" 837
"C:/Users/USSER/Desktop/Smart_manual_demo/MySmartManualSample_PC/Content/DankestThings_EnviroSense/EnviroSense/EnviroSenseExamples/Blueprints/BP_Handrail.uasset" 838
"C:/Users/USSER/Desktop/Smart_manual_demo/MySmartManualSample_PC/Content/DankestThings_EnviroSense/EnviroSense/EnviroSenseExamples/Blueprints/BP_Handrail.uexp" 839
"C:/Users/USSER/Desktop/Smart_manual_demo/MySmartManualSample_PC/Content/DankestThings_EnviroSense/Demo/LevelPrototyping/Textures/T_GridChecker_A.ubulk" 840
"C:/Users/USSER/Desktop/Smart_manual_demo/MySmartManualSample_PC/Content/DankestThings_EnviroSense/Demo/LevelPrototyping/Textures/T_GridChecker_A.uasset" 841
"C:/Users/USSER/Desktop/Smart_manual_demo/MySmartManualSample_PC/Content/DankestThings_EnviroSense/Demo/LevelPrototyping/Textures/T_GridChecker_A.uexp" 842
"../../../Engine/Content/Functions/Engine_MaterialFunctions02/Utility/MakeFloat3.uasset" 843
"../../../Engine/Content/Functions/Engine_MaterialFunctions02/Utility/MakeFloat3.uexp" 844
"../../../Engine/Content/Functions/Engine_MaterialFunctions01/Gradient/LinearGradient.uasset" 845
"../../../Engine/Content/Functions/Engine_MaterialFunctions01/Gradient/LinearGradient.uexp" 846
"../../../Engine/Content/Functions/Engine_MaterialFunctions01/ImageAdjustment/CheapContrast.uasset" 847
"../../../Engine/Content/Functions/Engine_MaterialFunctions01/ImageAdjustment/CheapContrast.uexp" 848
"../../../Engine/Content/Functions/Engine_MaterialFunctions02/Utility/BreakOutFloat3Components.uasset" 849
"../../../Engine/Content/Functions/Engine_MaterialFunctions02/Utility/BreakOutFloat3Components.uexp" 850
"C:/Users/USSER/Desktop/Smart_manual_demo/MySmartManualSample_PC/Content/DankestThings_EnviroSense/Demo/LevelPrototyping/Materials/MF_ProcGrid.uasset" 851
"C:/Users/USSER/Desktop/Smart_manual_demo/MySmartManualSample_PC/Content/DankestThings_EnviroSense/Demo/LevelPrototyping/Materials/MF_ProcGrid.uexp" 852
"C:/Users/USSER/Desktop/Smart_manual_demo/MySmartManualSample_PC/Content/DankestThings_EnviroSense/Demo/LevelPrototyping/Materials/M_PrototypeGrid.uasset" 853
"C:/Users/USSER/Desktop/Smart_manual_demo/MySmartManualSample_PC/Content/DankestThings_EnviroSense/Demo/LevelPrototyping/Materials/M_PrototypeGrid.uexp" 854
"C:/Users/USSER/Desktop/Smart_manual_demo/MySmartManualSample_PC/Content/DankestThings_EnviroSense/Demo/LevelPrototyping/Materials/MI_PrototypeGrid_Gray.uasset" 855
"C:/Users/USSER/Desktop/Smart_manual_demo/MySmartManualSample_PC/Content/DankestThings_EnviroSense/Demo/LevelPrototyping/Materials/MI_PrototypeGrid_Gray.uexp" 856
"C:/Users/USSER/Desktop/Smart_manual_demo/MySmartManualSample_PC/Content/DankestThings_EnviroSense/Demo/LevelPrototyping/Meshes/SM_Cube.ubulk" 857
"C:/Users/USSER/Desktop/Smart_manual_demo/MySmartManualSample_PC/Content/DankestThings_EnviroSense/Demo/LevelPrototyping/Meshes/SM_Cube.uasset" 858
"C:/Users/USSER/Desktop/Smart_manual_demo/MySmartManualSample_PC/Content/DankestThings_EnviroSense/Demo/LevelPrototyping/Meshes/SM_Cube.uexp" 859
"C:/Users/USSER/Desktop/Smart_manual_demo/MySmartManualSample_PC/Content/DankestThings_EnviroSense/EnviroSense/EnviroSenseExamples/Blueprints/BP_SensableObject_InteractTracker.uasset" 860
"C:/Users/USSER/Desktop/Smart_manual_demo/MySmartManualSample_PC/Content/DankestThings_EnviroSense/EnviroSense/EnviroSenseExamples/Blueprints/BP_SensableObject_InteractTracker.uexp" 861
"C:/Users/USSER/Desktop/Smart_manual_demo/MySmartManualSample_PC/Content/DankestThings_EnviroSense/EnviroSense/Resource/Textures/T_Throttle_Roughness.ubulk" 862
"C:/Users/USSER/Desktop/Smart_manual_demo/MySmartManualSample_PC/Content/DankestThings_EnviroSense/EnviroSense/Resource/Textures/T_Throttle_Roughness.uasset" 863
"C:/Users/USSER/Desktop/Smart_manual_demo/MySmartManualSample_PC/Content/DankestThings_EnviroSense/EnviroSense/Resource/Textures/T_Throttle_Roughness.uexp" 864
"C:/Users/USSER/Desktop/Smart_manual_demo/MySmartManualSample_PC/Content/DankestThings_EnviroSense/EnviroSense/Resource/Textures/T_Throttle_BaseColor.ubulk" 865
"C:/Users/USSER/Desktop/Smart_manual_demo/MySmartManualSample_PC/Content/DankestThings_EnviroSense/EnviroSense/Resource/Textures/T_Throttle_BaseColor.uasset" 866
"C:/Users/USSER/Desktop/Smart_manual_demo/MySmartManualSample_PC/Content/DankestThings_EnviroSense/EnviroSense/Resource/Textures/T_Throttle_BaseColor.uexp" 867
"C:/Users/USSER/Desktop/Smart_manual_demo/MySmartManualSample_PC/Content/DankestThings_EnviroSense/EnviroSense/Resource/Textures/T_Throttle_Normal.ubulk" 868
"C:/Users/USSER/Desktop/Smart_manual_demo/MySmartManualSample_PC/Content/DankestThings_EnviroSense/EnviroSense/Resource/Textures/T_Throttle_Normal.uasset" 869
"C:/Users/USSER/Desktop/Smart_manual_demo/MySmartManualSample_PC/Content/DankestThings_EnviroSense/EnviroSense/Resource/Textures/T_Throttle_Normal.uexp" 870
"C:/Users/USSER/Desktop/Smart_manual_demo/MySmartManualSample_PC/Content/DankestThings_EnviroSense/EnviroSense/Resource/Textures/T_Throttle_Metallic.ubulk" 871
"C:/Users/USSER/Desktop/Smart_manual_demo/MySmartManualSample_PC/Content/DankestThings_EnviroSense/EnviroSense/Resource/Textures/T_Throttle_Metallic.uasset" 872
"C:/Users/USSER/Desktop/Smart_manual_demo/MySmartManualSample_PC/Content/DankestThings_EnviroSense/EnviroSense/Resource/Textures/T_Throttle_Metallic.uexp" 873
"C:/Users/USSER/Desktop/Smart_manual_demo/MySmartManualSample_PC/Content/DankestThings_EnviroSense/EnviroSense/Resource/Materials/M_Throttle.uasset" 874
"C:/Users/USSER/Desktop/Smart_manual_demo/MySmartManualSample_PC/Content/DankestThings_EnviroSense/EnviroSense/Resource/Materials/M_Throttle.uexp" 875
"C:/Users/USSER/Desktop/Smart_manual_demo/MySmartManualSample_PC/Content/DankestThings_EnviroSense/EnviroSense/Resource/Meshes/SM_ThrottleHandle.ubulk" 876
"C:/Users/USSER/Desktop/Smart_manual_demo/MySmartManualSample_PC/Content/DankestThings_EnviroSense/EnviroSense/Resource/Meshes/SM_ThrottleHandle.uasset" 877
"C:/Users/USSER/Desktop/Smart_manual_demo/MySmartManualSample_PC/Content/DankestThings_EnviroSense/EnviroSense/Resource/Meshes/SM_ThrottleHandle.uexp" 878
"C:/Users/USSER/Desktop/Smart_manual_demo/MySmartManualSample_PC/Content/DankestThings_EnviroSense/EnviroSense/Resource/Meshes/SM_ThrottleBase.ubulk" 879
"C:/Users/USSER/Desktop/Smart_manual_demo/MySmartManualSample_PC/Content/DankestThings_EnviroSense/EnviroSense/Resource/Meshes/SM_ThrottleBase.uasset" 880
"C:/Users/USSER/Desktop/Smart_manual_demo/MySmartManualSample_PC/Content/DankestThings_EnviroSense/EnviroSense/Resource/Meshes/SM_ThrottleBase.uexp" 881
"C:/Users/USSER/Desktop/Smart_manual_demo/MySmartManualSample_PC/Content/DankestThings_EnviroSense/EnviroSense/EnviroSenseExamples/Blueprints/BP_Lever.uasset" 882
"C:/Users/USSER/Desktop/Smart_manual_demo/MySmartManualSample_PC/Content/DankestThings_EnviroSense/EnviroSense/EnviroSenseExamples/Blueprints/BP_Lever.uexp" 883
"C:/Users/USSER/Desktop/Smart_manual_demo/MySmartManualSample_PC/Content/DankestThings_EnviroSense/EnviroSense/EnviroSenseExamples/Blueprints/BP_SensableObject_Interact.uasset" 884
"C:/Users/USSER/Desktop/Smart_manual_demo/MySmartManualSample_PC/Content/DankestThings_EnviroSense/EnviroSense/EnviroSenseExamples/Blueprints/BP_SensableObject_Interact.uexp" 885
"C:/Users/USSER/Desktop/Smart_manual_demo/MySmartManualSample_PC/Content/DankestThings_EnviroSense/EnviroSense/EnviroSenseExamples/Blueprints/BP_SensableObject_HandSpecific.uasset" 886
"C:/Users/USSER/Desktop/Smart_manual_demo/MySmartManualSample_PC/Content/DankestThings_EnviroSense/EnviroSense/EnviroSenseExamples/Blueprints/BP_SensableObject_HandSpecific.uexp" 887
"C:/Users/USSER/Desktop/Smart_manual_demo/MySmartManualSample_PC/Content/DankestThings_EnviroSense/EnviroSense/Resource/Meshes/SM_ToggleSwitchCase.ubulk" 888
"C:/Users/USSER/Desktop/Smart_manual_demo/MySmartManualSample_PC/Content/DankestThings_EnviroSense/EnviroSense/Resource/Meshes/SM_ToggleSwitchCase.uasset" 889
"C:/Users/USSER/Desktop/Smart_manual_demo/MySmartManualSample_PC/Content/DankestThings_EnviroSense/EnviroSense/Resource/Meshes/SM_ToggleSwitchCase.uexp" 890
"../../../Engine/Content/BasicShapes/BasicShapeMaterial.uasset" 891
"../../../Engine/Content/BasicShapes/BasicShapeMaterial.uexp" 892
"C:/Users/USSER/Desktop/Smart_manual_demo/MySmartManualSample_PC/Content/DankestThings_EnviroSense/EnviroSense/Resource/Meshes/SM_ToggleSwitch.ubulk" 893
"C:/Users/USSER/Desktop/Smart_manual_demo/MySmartManualSample_PC/Content/DankestThings_EnviroSense/EnviroSense/Resource/Meshes/SM_ToggleSwitch.uasset" 894
"C:/Users/USSER/Desktop/Smart_manual_demo/MySmartManualSample_PC/Content/DankestThings_EnviroSense/EnviroSense/Resource/Meshes/SM_ToggleSwitch.uexp" 895
"C:/Users/USSER/Desktop/Smart_manual_demo/MySmartManualSample_PC/Content/DankestThings_EnviroSense/EnviroSense/EnviroSenseExamples/Blueprints/BP_ToggleSwitch.uasset" 896
"C:/Users/USSER/Desktop/Smart_manual_demo/MySmartManualSample_PC/Content/DankestThings_EnviroSense/EnviroSense/EnviroSenseExamples/Blueprints/BP_ToggleSwitch.uexp" 897
"C:/Users/USSER/Desktop/Smart_manual_demo/MySmartManualSample_PC/Content/DankestThings_EnviroSense/EnviroSense/Resource/Textures/T_Keypad_Roughness.ubulk" 898
"C:/Users/USSER/Desktop/Smart_manual_demo/MySmartManualSample_PC/Content/DankestThings_EnviroSense/EnviroSense/Resource/Textures/T_Keypad_Roughness.uasset" 899
"C:/Users/USSER/Desktop/Smart_manual_demo/MySmartManualSample_PC/Content/DankestThings_EnviroSense/EnviroSense/Resource/Textures/T_Keypad_Roughness.uexp" 900
"C:/Users/USSER/Desktop/Smart_manual_demo/MySmartManualSample_PC/Content/DankestThings_EnviroSense/EnviroSense/Resource/Textures/T_Keypad_NonLED.ubulk" 901
"C:/Users/USSER/Desktop/Smart_manual_demo/MySmartManualSample_PC/Content/DankestThings_EnviroSense/EnviroSense/Resource/Textures/T_Keypad_NonLED.uasset" 902
"C:/Users/USSER/Desktop/Smart_manual_demo/MySmartManualSample_PC/Content/DankestThings_EnviroSense/EnviroSense/Resource/Textures/T_Keypad_NonLED.uexp" 903
"C:/Users/USSER/Desktop/Smart_manual_demo/MySmartManualSample_PC/Content/DankestThings_EnviroSense/EnviroSense/Resource/Textures/T_Keypad_EmissionLED1.ubulk" 904
"C:/Users/USSER/Desktop/Smart_manual_demo/MySmartManualSample_PC/Content/DankestThings_EnviroSense/EnviroSense/Resource/Textures/T_Keypad_EmissionLED1.uasset" 905
"C:/Users/USSER/Desktop/Smart_manual_demo/MySmartManualSample_PC/Content/DankestThings_EnviroSense/EnviroSense/Resource/Textures/T_Keypad_EmissionLED1.uexp" 906
"C:/Users/USSER/Desktop/Smart_manual_demo/MySmartManualSample_PC/Content/DankestThings_EnviroSense/EnviroSense/Resource/Textures/T_Keypad_Normal.ubulk" 907
"C:/Users/USSER/Desktop/Smart_manual_demo/MySmartManualSample_PC/Content/DankestThings_EnviroSense/EnviroSense/Resource/Textures/T_Keypad_Normal.uasset" 908
"C:/Users/USSER/Desktop/Smart_manual_demo/MySmartManualSample_PC/Content/DankestThings_EnviroSense/EnviroSense/Resource/Textures/T_Keypad_Normal.uexp" 909
"C:/Users/USSER/Desktop/Smart_manual_demo/MySmartManualSample_PC/Content/DankestThings_EnviroSense/EnviroSense/Resource/Textures/T_Keypad_EmissionLED2.ubulk" 910
"C:/Users/USSER/Desktop/Smart_manual_demo/MySmartManualSample_PC/Content/DankestThings_EnviroSense/EnviroSense/Resource/Textures/T_Keypad_EmissionLED2.uasset" 911
"C:/Users/USSER/Desktop/Smart_manual_demo/MySmartManualSample_PC/Content/DankestThings_EnviroSense/EnviroSense/Resource/Textures/T_Keypad_EmissionLED2.uexp" 912
"C:/Users/USSER/Desktop/Smart_manual_demo/MySmartManualSample_PC/Content/DankestThings_EnviroSense/EnviroSense/Resource/Textures/T_Keypad_Metallic.ubulk" 913
"C:/Users/USSER/Desktop/Smart_manual_demo/MySmartManualSample_PC/Content/DankestThings_EnviroSense/EnviroSense/Resource/Textures/T_Keypad_Metallic.uasset" 914
"C:/Users/USSER/Desktop/Smart_manual_demo/MySmartManualSample_PC/Content/DankestThings_EnviroSense/EnviroSense/Resource/Textures/T_Keypad_Metallic.uexp" 915
"C:/Users/USSER/Desktop/Smart_manual_demo/MySmartManualSample_PC/Content/DankestThings_EnviroSense/EnviroSense/Resource/Textures/T_Keypad_BaseColor.ubulk" 916
"C:/Users/USSER/Desktop/Smart_manual_demo/MySmartManualSample_PC/Content/DankestThings_EnviroSense/EnviroSense/Resource/Textures/T_Keypad_BaseColor.uasset" 917
"C:/Users/USSER/Desktop/Smart_manual_demo/MySmartManualSample_PC/Content/DankestThings_EnviroSense/EnviroSense/Resource/Textures/T_Keypad_BaseColor.uexp" 918
"C:/Users/USSER/Desktop/Smart_manual_demo/MySmartManualSample_PC/Content/DankestThings_EnviroSense/EnviroSense/Resource/Materials/M_Keypad.uasset" 919
"C:/Users/USSER/Desktop/Smart_manual_demo/MySmartManualSample_PC/Content/DankestThings_EnviroSense/EnviroSense/Resource/Materials/M_Keypad.uexp" 920
"C:/Users/USSER/Desktop/Smart_manual_demo/MySmartManualSample_PC/Content/DankestThings_EnviroSense/EnviroSense/Resource/Meshes/SM_Keypad_Button_Alarm.ubulk" 921
"C:/Users/USSER/Desktop/Smart_manual_demo/MySmartManualSample_PC/Content/DankestThings_EnviroSense/EnviroSense/Resource/Meshes/SM_Keypad_Button_Alarm.uasset" 922
"C:/Users/USSER/Desktop/Smart_manual_demo/MySmartManualSample_PC/Content/DankestThings_EnviroSense/EnviroSense/Resource/Meshes/SM_Keypad_Button_Alarm.uexp" 923
"C:/Users/USSER/Desktop/Smart_manual_demo/MySmartManualSample_PC/Content/DankestThings_EnviroSense/EnviroSense/Resource/Meshes/SM_Keypad_LED.ubulk" 924
"C:/Users/USSER/Desktop/Smart_manual_demo/MySmartManualSample_PC/Content/DankestThings_EnviroSense/EnviroSense/Resource/Meshes/SM_Keypad_LED.uasset" 925
"C:/Users/USSER/Desktop/Smart_manual_demo/MySmartManualSample_PC/Content/DankestThings_EnviroSense/EnviroSense/Resource/Meshes/SM_Keypad_LED.uexp" 926
"C:/Users/USSER/Desktop/Smart_manual_demo/MySmartManualSample_PC/Content/DankestThings_EnviroSense/EnviroSense/Resource/Materials/MI_Keypad_Inst.uasset" 927
"C:/Users/USSER/Desktop/Smart_manual_demo/MySmartManualSample_PC/Content/DankestThings_EnviroSense/EnviroSense/Resource/Materials/MI_Keypad_Inst.uexp" 928
"C:/Users/USSER/Desktop/Smart_manual_demo/MySmartManualSample_PC/Content/DankestThings_EnviroSense/EnviroSense/Resource/Meshes/SM_Keypad_Button_X.ubulk" 929
"C:/Users/USSER/Desktop/Smart_manual_demo/MySmartManualSample_PC/Content/DankestThings_EnviroSense/EnviroSense/Resource/Meshes/SM_Keypad_Button_X.uasset" 930
"C:/Users/USSER/Desktop/Smart_manual_demo/MySmartManualSample_PC/Content/DankestThings_EnviroSense/EnviroSense/Resource/Meshes/SM_Keypad_Button_X.uexp" 931
"../../../Engine/Content/EngineSounds/Master.uasset" 932
"../../../Engine/Content/EngineSounds/Master.uexp" 933
"../../../Engine/Content/EngineSounds/Normal_Attack.uasset" 934
"../../../Engine/Content/EngineSounds/Normal_Attack.uexp" 935
"../../../Engine/Content/EngineSounds/Duck_Normal_Attack_MixMod.uasset" 936
"../../../Engine/Content/EngineSounds/Duck_Normal_Attack_MixMod.uexp" 937
"../../../Engine/Content/EngineSounds/Special_Attack_PSM.uasset" 938
"../../../Engine/Content/EngineSounds/Special_Attack_PSM.uexp" 939
"../../../Engine/Content/EngineSounds/SFX.uasset" 940
"../../../Engine/Content/EngineSounds/SFX.uexp" 941
"C:/Users/USSER/Desktop/Smart_manual_demo/MySmartManualSample_PC/Content/DankestThings_EnviroSense/EnviroSense/Resource/SFX/Invalid_Action.ubulk" 942
"C:/Users/USSER/Desktop/Smart_manual_demo/MySmartManualSample_PC/Content/DankestThings_EnviroSense/EnviroSense/Resource/SFX/Invalid_Action.uasset" 943
"C:/Users/USSER/Desktop/Smart_manual_demo/MySmartManualSample_PC/Content/DankestThings_EnviroSense/EnviroSense/Resource/SFX/Invalid_Action.uexp" 944
"C:/Users/USSER/Desktop/Smart_manual_demo/MySmartManualSample_PC/Content/DankestThings_EnviroSense/EnviroSense/Resource/SFX/SoundAttenuation_Linear2-20.uasset" 945
"C:/Users/USSER/Desktop/Smart_manual_demo/MySmartManualSample_PC/Content/DankestThings_EnviroSense/EnviroSense/Resource/SFX/SoundAttenuation_Linear2-20.uexp" 946
"C:/Users/USSER/Desktop/Smart_manual_demo/MySmartManualSample_PC/Content/DankestThings_EnviroSense/EnviroSense/Resource/Meshes/SM_Keypad_LED2.ubulk" 947
"C:/Users/USSER/Desktop/Smart_manual_demo/MySmartManualSample_PC/Content/DankestThings_EnviroSense/EnviroSense/Resource/Meshes/SM_Keypad_LED2.uasset" 948
"C:/Users/USSER/Desktop/Smart_manual_demo/MySmartManualSample_PC/Content/DankestThings_EnviroSense/EnviroSense/Resource/Meshes/SM_Keypad_LED2.uexp" 949
"C:/Users/USSER/Desktop/Smart_manual_demo/MySmartManualSample_PC/Content/DankestThings_EnviroSense/EnviroSense/Resource/Meshes/SM_Keypad_Button_Hash.ubulk" 950
"C:/Users/USSER/Desktop/Smart_manual_demo/MySmartManualSample_PC/Content/DankestThings_EnviroSense/EnviroSense/Resource/Meshes/SM_Keypad_Button_Hash.uasset" 951
"C:/Users/USSER/Desktop/Smart_manual_demo/MySmartManualSample_PC/Content/DankestThings_EnviroSense/EnviroSense/Resource/Meshes/SM_Keypad_Button_Hash.uexp" 952
"../../../Engine/Content/VREditor/Fonts/VRText_RobotoLarge.uasset" 953
"../../../Engine/Content/VREditor/Fonts/VRText_RobotoLarge.uexp" 954
"C:/Users/USSER/Desktop/Smart_manual_demo/MySmartManualSample_PC/Content/DankestThings_EnviroSense/EnviroSense/Resource/Materials/M_KeypadTextDisplay.uasset" 955
"C:/Users/USSER/Desktop/Smart_manual_demo/MySmartManualSample_PC/Content/DankestThings_EnviroSense/EnviroSense/Resource/Materials/M_KeypadTextDisplay.uexp" 956
"C:/Users/USSER/Desktop/Smart_manual_demo/MySmartManualSample_PC/Content/DankestThings_EnviroSense/EnviroSense/Resource/SFX/Gizmo_Handle_Clicked.ubulk" 957
"C:/Users/USSER/Desktop/Smart_manual_demo/MySmartManualSample_PC/Content/DankestThings_EnviroSense/EnviroSense/Resource/SFX/Gizmo_Handle_Clicked.uasset" 958
"C:/Users/USSER/Desktop/Smart_manual_demo/MySmartManualSample_PC/Content/DankestThings_EnviroSense/EnviroSense/Resource/SFX/Gizmo_Handle_Clicked.uexp" 959
"C:/Users/USSER/Desktop/Smart_manual_demo/MySmartManualSample_PC/Content/DankestThings_EnviroSense/EnviroSense/Resource/Meshes/SM_Keypad_Button_Enter.ubulk" 960
"C:/Users/USSER/Desktop/Smart_manual_demo/MySmartManualSample_PC/Content/DankestThings_EnviroSense/EnviroSense/Resource/Meshes/SM_Keypad_Button_Enter.uasset" 961
"C:/Users/USSER/Desktop/Smart_manual_demo/MySmartManualSample_PC/Content/DankestThings_EnviroSense/EnviroSense/Resource/Meshes/SM_Keypad_Button_Enter.uexp" 962
"C:/Users/USSER/Desktop/Smart_manual_demo/MySmartManualSample_PC/Content/DankestThings_EnviroSense/EnviroSense/Resource/Meshes/SM_Keypad_Button_Power.ubulk" 963
"C:/Users/USSER/Desktop/Smart_manual_demo/MySmartManualSample_PC/Content/DankestThings_EnviroSense/EnviroSense/Resource/Meshes/SM_Keypad_Button_Power.uasset" 964
"C:/Users/USSER/Desktop/Smart_manual_demo/MySmartManualSample_PC/Content/DankestThings_EnviroSense/EnviroSense/Resource/Meshes/SM_Keypad_Button_Power.uexp" 965
"C:/Users/USSER/Desktop/Smart_manual_demo/MySmartManualSample_PC/Content/DankestThings_EnviroSense/EnviroSense/Resource/Meshes/SM_Keypad_Button_0.ubulk" 966
"C:/Users/USSER/Desktop/Smart_manual_demo/MySmartManualSample_PC/Content/DankestThings_EnviroSense/EnviroSense/Resource/Meshes/SM_Keypad_Button_0.uasset" 967
"C:/Users/USSER/Desktop/Smart_manual_demo/MySmartManualSample_PC/Content/DankestThings_EnviroSense/EnviroSense/Resource/Meshes/SM_Keypad_Button_0.uexp" 968
"C:/Users/USSER/Desktop/Smart_manual_demo/MySmartManualSample_PC/Content/DankestThings_EnviroSense/EnviroSense/Resource/Meshes/SM_Keypad_Button_1.ubulk" 969
"C:/Users/USSER/Desktop/Smart_manual_demo/MySmartManualSample_PC/Content/DankestThings_EnviroSense/EnviroSense/Resource/Meshes/SM_Keypad_Button_1.uasset" 970
"C:/Users/USSER/Desktop/Smart_manual_demo/MySmartManualSample_PC/Content/DankestThings_EnviroSense/EnviroSense/Resource/Meshes/SM_Keypad_Button_1.uexp" 971
"C:/Users/USSER/Desktop/Smart_manual_demo/MySmartManualSample_PC/Content/DankestThings_EnviroSense/EnviroSense/Resource/Meshes/SM_Keypad_Button_2.ubulk" 972
"C:/Users/USSER/Desktop/Smart_manual_demo/MySmartManualSample_PC/Content/DankestThings_EnviroSense/EnviroSense/Resource/Meshes/SM_Keypad_Button_2.uasset" 973
"C:/Users/USSER/Desktop/Smart_manual_demo/MySmartManualSample_PC/Content/DankestThings_EnviroSense/EnviroSense/Resource/Meshes/SM_Keypad_Button_2.uexp" 974
"C:/Users/USSER/Desktop/Smart_manual_demo/MySmartManualSample_PC/Content/DankestThings_EnviroSense/EnviroSense/Resource/Meshes/SM_Keypad_Button_3.ubulk" 975
"C:/Users/USSER/Desktop/Smart_manual_demo/MySmartManualSample_PC/Content/DankestThings_EnviroSense/EnviroSense/Resource/Meshes/SM_Keypad_Button_3.uasset" 976
"C:/Users/USSER/Desktop/Smart_manual_demo/MySmartManualSample_PC/Content/DankestThings_EnviroSense/EnviroSense/Resource/Meshes/SM_Keypad_Button_3.uexp" 977
"C:/Users/USSER/Desktop/Smart_manual_demo/MySmartManualSample_PC/Content/DankestThings_EnviroSense/EnviroSense/Resource/Meshes/SM_Keypad_Button_4.ubulk" 978
"C:/Users/USSER/Desktop/Smart_manual_demo/MySmartManualSample_PC/Content/DankestThings_EnviroSense/EnviroSense/Resource/Meshes/SM_Keypad_Button_4.uasset" 979
"C:/Users/USSER/Desktop/Smart_manual_demo/MySmartManualSample_PC/Content/DankestThings_EnviroSense/EnviroSense/Resource/Meshes/SM_Keypad_Button_4.uexp" 980
"C:/Users/USSER/Desktop/Smart_manual_demo/MySmartManualSample_PC/Content/DankestThings_EnviroSense/EnviroSense/Resource/Meshes/SM_Keypad_Button_5.ubulk" 981
"C:/Users/USSER/Desktop/Smart_manual_demo/MySmartManualSample_PC/Content/DankestThings_EnviroSense/EnviroSense/Resource/Meshes/SM_Keypad_Button_5.uasset" 982
"C:/Users/USSER/Desktop/Smart_manual_demo/MySmartManualSample_PC/Content/DankestThings_EnviroSense/EnviroSense/Resource/Meshes/SM_Keypad_Button_5.uexp" 983
"C:/Users/USSER/Desktop/Smart_manual_demo/MySmartManualSample_PC/Content/DankestThings_EnviroSense/EnviroSense/Resource/Meshes/SM_Keypad_Button_6.ubulk" 984
"C:/Users/USSER/Desktop/Smart_manual_demo/MySmartManualSample_PC/Content/DankestThings_EnviroSense/EnviroSense/Resource/Meshes/SM_Keypad_Button_6.uasset" 985
"C:/Users/USSER/Desktop/Smart_manual_demo/MySmartManualSample_PC/Content/DankestThings_EnviroSense/EnviroSense/Resource/Meshes/SM_Keypad_Button_6.uexp" 986
"C:/Users/USSER/Desktop/Smart_manual_demo/MySmartManualSample_PC/Content/DankestThings_EnviroSense/EnviroSense/Resource/Meshes/SM_Keypad_Button_7.ubulk" 987
"C:/Users/USSER/Desktop/Smart_manual_demo/MySmartManualSample_PC/Content/DankestThings_EnviroSense/EnviroSense/Resource/Meshes/SM_Keypad_Button_7.uasset" 988
"C:/Users/USSER/Desktop/Smart_manual_demo/MySmartManualSample_PC/Content/DankestThings_EnviroSense/EnviroSense/Resource/Meshes/SM_Keypad_Button_7.uexp" 989
"C:/Users/USSER/Desktop/Smart_manual_demo/MySmartManualSample_PC/Content/DankestThings_EnviroSense/EnviroSense/Resource/Meshes/SM_Keypad_Button_8.ubulk" 990
"C:/Users/USSER/Desktop/Smart_manual_demo/MySmartManualSample_PC/Content/DankestThings_EnviroSense/EnviroSense/Resource/Meshes/SM_Keypad_Button_8.uasset" 991
"C:/Users/USSER/Desktop/Smart_manual_demo/MySmartManualSample_PC/Content/DankestThings_EnviroSense/EnviroSense/Resource/Meshes/SM_Keypad_Button_8.uexp" 992
"C:/Users/USSER/Desktop/Smart_manual_demo/MySmartManualSample_PC/Content/DankestThings_EnviroSense/EnviroSense/Resource/Meshes/SM_Keypad_Button_9.ubulk" 993
"C:/Users/USSER/Desktop/Smart_manual_demo/MySmartManualSample_PC/Content/DankestThings_EnviroSense/EnviroSense/Resource/Meshes/SM_Keypad_Button_9.uasset" 994
"C:/Users/USSER/Desktop/Smart_manual_demo/MySmartManualSample_PC/Content/DankestThings_EnviroSense/EnviroSense/Resource/Meshes/SM_Keypad_Button_9.uexp" 995
"C:/Users/USSER/Desktop/Smart_manual_demo/MySmartManualSample_PC/Content/DankestThings_EnviroSense/EnviroSense/Resource/Meshes/SM_Keypad_Case_16.ubulk" 996
"C:/Users/USSER/Desktop/Smart_manual_demo/MySmartManualSample_PC/Content/DankestThings_EnviroSense/EnviroSense/Resource/Meshes/SM_Keypad_Case_16.uasset" 997
"C:/Users/USSER/Desktop/Smart_manual_demo/MySmartManualSample_PC/Content/DankestThings_EnviroSense/EnviroSense/Resource/Meshes/SM_Keypad_Case_16.uexp" 998
"C:/Users/USSER/Desktop/Smart_manual_demo/MySmartManualSample_PC/Content/DankestThings_EnviroSense/EnviroSense/Resource/SFX/SFX_Always.uasset" 999
"C:/Users/USSER/Desktop/Smart_manual_demo/MySmartManualSample_PC/Content/DankestThings_EnviroSense/EnviroSense/Resource/SFX/SFX_Always.uexp" 1000
"C:/Users/USSER/Desktop/Smart_manual_demo/MySmartManualSample_PC/Content/DankestThings_EnviroSense/EnviroSense/Resource/SFX/VR_WorldMoveLoop_03.ubulk" 1001
"C:/Users/USSER/Desktop/Smart_manual_demo/MySmartManualSample_PC/Content/DankestThings_EnviroSense/EnviroSense/Resource/SFX/VR_WorldMoveLoop_03.uasset" 1002
"C:/Users/USSER/Desktop/Smart_manual_demo/MySmartManualSample_PC/Content/DankestThings_EnviroSense/EnviroSense/Resource/SFX/VR_WorldMoveLoop_03.uexp" 1003
"C:/Users/USSER/Desktop/Smart_manual_demo/MySmartManualSample_PC/Content/DankestThings_EnviroSense/EnviroSense/Resource/Meshes/SM_Keypad_Button_Asterisk.ubulk" 1004
"C:/Users/USSER/Desktop/Smart_manual_demo/MySmartManualSample_PC/Content/DankestThings_EnviroSense/EnviroSense/Resource/Meshes/SM_Keypad_Button_Asterisk.uasset" 1005
"C:/Users/USSER/Desktop/Smart_manual_demo/MySmartManualSample_PC/Content/DankestThings_EnviroSense/EnviroSense/Resource/Meshes/SM_Keypad_Button_Asterisk.uexp" 1006
"C:/Users/USSER/Desktop/Smart_manual_demo/MySmartManualSample_PC/Content/DankestThings_EnviroSense/EnviroSense/Resource/SFX/VR_confirm.ubulk" 1007
"C:/Users/USSER/Desktop/Smart_manual_demo/MySmartManualSample_PC/Content/DankestThings_EnviroSense/EnviroSense/Resource/SFX/VR_confirm.uasset" 1008
"C:/Users/USSER/Desktop/Smart_manual_demo/MySmartManualSample_PC/Content/DankestThings_EnviroSense/EnviroSense/Resource/SFX/VR_confirm.uexp" 1009
"C:/Users/USSER/Desktop/Smart_manual_demo/MySmartManualSample_PC/Content/DankestThings_EnviroSense/EnviroSense/EnviroSenseExamples/Blueprints/BP_Keypad_16.uasset" 1010
"C:/Users/USSER/Desktop/Smart_manual_demo/MySmartManualSample_PC/Content/DankestThings_EnviroSense/EnviroSense/EnviroSenseExamples/Blueprints/BP_Keypad_16.uexp" 1011
"C:/Users/USSER/Desktop/Smart_manual_demo/MySmartManualSample_PC/Content/DankestThings_EnviroSense/EnviroSense/Resource/Textures/T_Rocks_Metallic.ubulk" 1012
"C:/Users/USSER/Desktop/Smart_manual_demo/MySmartManualSample_PC/Content/DankestThings_EnviroSense/EnviroSense/Resource/Textures/T_Rocks_Metallic.uasset" 1013
"C:/Users/USSER/Desktop/Smart_manual_demo/MySmartManualSample_PC/Content/DankestThings_EnviroSense/EnviroSense/Resource/Textures/T_Rocks_Metallic.uexp" 1014
"C:/Users/USSER/Desktop/Smart_manual_demo/MySmartManualSample_PC/Content/DankestThings_EnviroSense/EnviroSense/Resource/Textures/T_Rocks_Roughness.ubulk" 1015
"C:/Users/USSER/Desktop/Smart_manual_demo/MySmartManualSample_PC/Content/DankestThings_EnviroSense/EnviroSense/Resource/Textures/T_Rocks_Roughness.uasset" 1016
"C:/Users/USSER/Desktop/Smart_manual_demo/MySmartManualSample_PC/Content/DankestThings_EnviroSense/EnviroSense/Resource/Textures/T_Rocks_Roughness.uexp" 1017
"C:/Users/USSER/Desktop/Smart_manual_demo/MySmartManualSample_PC/Content/DankestThings_EnviroSense/EnviroSense/Resource/Textures/T_Rocks_BaseColor.ubulk" 1018
"C:/Users/USSER/Desktop/Smart_manual_demo/MySmartManualSample_PC/Content/DankestThings_EnviroSense/EnviroSense/Resource/Textures/T_Rocks_BaseColor.uasset" 1019
"C:/Users/USSER/Desktop/Smart_manual_demo/MySmartManualSample_PC/Content/DankestThings_EnviroSense/EnviroSense/Resource/Textures/T_Rocks_BaseColor.uexp" 1020
"C:/Users/USSER/Desktop/Smart_manual_demo/MySmartManualSample_PC/Content/DankestThings_EnviroSense/EnviroSense/Resource/Textures/T_Rocks_Normal.ubulk" 1021
"C:/Users/USSER/Desktop/Smart_manual_demo/MySmartManualSample_PC/Content/DankestThings_EnviroSense/EnviroSense/Resource/Textures/T_Rocks_Normal.uasset" 1022
"C:/Users/USSER/Desktop/Smart_manual_demo/MySmartManualSample_PC/Content/DankestThings_EnviroSense/EnviroSense/Resource/Textures/T_Rocks_Normal.uexp" 1023
"C:/Users/USSER/Desktop/Smart_manual_demo/MySmartManualSample_PC/Content/DankestThings_EnviroSense/EnviroSense/Resource/Materials/M_Rocks.uasset" 1024
"C:/Users/USSER/Desktop/Smart_manual_demo/MySmartManualSample_PC/Content/DankestThings_EnviroSense/EnviroSense/Resource/Materials/M_Rocks.uexp" 1025
"C:/Users/USSER/Desktop/Smart_manual_demo/MySmartManualSample_PC/Content/DankestThings_EnviroSense/EnviroSense/Resource/Meshes/SM_Rock3.ubulk" 1026
"C:/Users/USSER/Desktop/Smart_manual_demo/MySmartManualSample_PC/Content/DankestThings_EnviroSense/EnviroSense/Resource/Meshes/SM_Rock3.uasset" 1027
"C:/Users/USSER/Desktop/Smart_manual_demo/MySmartManualSample_PC/Content/DankestThings_EnviroSense/EnviroSense/Resource/Meshes/SM_Rock3.uexp" 1028
"C:/Users/USSER/Desktop/Smart_manual_demo/MySmartManualSample_PC/Content/DankestThings_EnviroSense/EnviroSense/EnviroSenseExamples/Blueprints/BP_Button.uasset" 1029
"C:/Users/USSER/Desktop/Smart_manual_demo/MySmartManualSample_PC/Content/DankestThings_EnviroSense/EnviroSense/EnviroSenseExamples/Blueprints/BP_Button.uexp" 1030
"C:/Users/USSER/Desktop/Smart_manual_demo/MySmartManualSample_PC/Content/DankestThings_EnviroSense/EnviroSense/Resource/Meshes/SM_Rock1.ubulk" 1031
"C:/Users/USSER/Desktop/Smart_manual_demo/MySmartManualSample_PC/Content/DankestThings_EnviroSense/EnviroSense/Resource/Meshes/SM_Rock1.uasset" 1032
"C:/Users/USSER/Desktop/Smart_manual_demo/MySmartManualSample_PC/Content/DankestThings_EnviroSense/EnviroSense/Resource/Meshes/SM_Rock1.uexp" 1033
"C:/Users/USSER/Desktop/Smart_manual_demo/MySmartManualSample_PC/Content/DankestThings_EnviroSense/EnviroSense/Resource/Meshes/SM_Keypad_Case_12.ubulk" 1034
"C:/Users/USSER/Desktop/Smart_manual_demo/MySmartManualSample_PC/Content/DankestThings_EnviroSense/EnviroSense/Resource/Meshes/SM_Keypad_Case_12.uasset" 1035
"C:/Users/USSER/Desktop/Smart_manual_demo/MySmartManualSample_PC/Content/DankestThings_EnviroSense/EnviroSense/Resource/Meshes/SM_Keypad_Case_12.uexp" 1036
"C:/Users/USSER/Desktop/Smart_manual_demo/MySmartManualSample_PC/Content/DankestThings_EnviroSense/EnviroSense/EnviroSenseExamples/Blueprints/BP_Keypad_12.uasset" 1037
"C:/Users/USSER/Desktop/Smart_manual_demo/MySmartManualSample_PC/Content/DankestThings_EnviroSense/EnviroSense/EnviroSenseExamples/Blueprints/BP_Keypad_12.uexp" 1038
"C:/Users/USSER/Desktop/Smart_manual_demo/MySmartManualSample_PC/Content/DankestThings_EnviroSense/EnviroSense/Resource/Meshes/SM_TwistSwitch.ubulk" 1039
"C:/Users/USSER/Desktop/Smart_manual_demo/MySmartManualSample_PC/Content/DankestThings_EnviroSense/EnviroSense/Resource/Meshes/SM_TwistSwitch.uasset" 1040
"C:/Users/USSER/Desktop/Smart_manual_demo/MySmartManualSample_PC/Content/DankestThings_EnviroSense/EnviroSense/Resource/Meshes/SM_TwistSwitch.uexp" 1041
"C:/Users/USSER/Desktop/Smart_manual_demo/MySmartManualSample_PC/Content/DankestThings_EnviroSense/EnviroSense/Resource/Meshes/SM_TwistSwitchCase.ubulk" 1042
"C:/Users/USSER/Desktop/Smart_manual_demo/MySmartManualSample_PC/Content/DankestThings_EnviroSense/EnviroSense/Resource/Meshes/SM_TwistSwitchCase.uasset" 1043
"C:/Users/USSER/Desktop/Smart_manual_demo/MySmartManualSample_PC/Content/DankestThings_EnviroSense/EnviroSense/Resource/Meshes/SM_TwistSwitchCase.uexp" 1044
"C:/Users/USSER/Desktop/Smart_manual_demo/MySmartManualSample_PC/Content/DankestThings_EnviroSense/EnviroSense/EnviroSenseExamples/Blueprints/BP_TwistSwitch.uasset" 1045
"C:/Users/USSER/Desktop/Smart_manual_demo/MySmartManualSample_PC/Content/DankestThings_EnviroSense/EnviroSense/EnviroSenseExamples/Blueprints/BP_TwistSwitch.uexp" 1046
"../../../Engine/Content/EngineMaterials/WorldGridMaterial.uasset" 1047
"../../../Engine/Content/EngineMaterials/WorldGridMaterial.uexp" 1048
"../../../Engine/Content/BasicShapes/Cube.ubulk" 1049
"../../../Engine/Content/BasicShapes/Cube.uasset" 1050
"../../../Engine/Content/BasicShapes/Cube.uexp" 1051
"C:/Users/USSER/Desktop/Smart_manual_demo/MySmartManualSample_PC/Content/DankestThings_EnviroSense/EnviroSense/EnviroSenseExamples/Blueprints/BP_SensableObjectBase_Child_AreaEffect.uasset" 1052
"C:/Users/USSER/Desktop/Smart_manual_demo/MySmartManualSample_PC/Content/DankestThings_EnviroSense/EnviroSense/EnviroSenseExamples/Blueprints/BP_SensableObjectBase_Child_AreaEffect.uexp" 1053
"C:/Users/USSER/Desktop/Smart_manual_demo/MySmartManualSample_PC/Content/DankestThings_EnviroSense/EnviroSense/Resource/Meshes/SM_Rock2.ubulk" 1054
"C:/Users/USSER/Desktop/Smart_manual_demo/MySmartManualSample_PC/Content/DankestThings_EnviroSense/EnviroSense/Resource/Meshes/SM_Rock2.uasset" 1055
"C:/Users/USSER/Desktop/Smart_manual_demo/MySmartManualSample_PC/Content/DankestThings_EnviroSense/EnviroSense/Resource/Meshes/SM_Rock2.uexp" 1056
"../../../Engine/Content/EngineResources/DefaultTextureCube.uasset" 1057
"../../../Engine/Content/EngineResources/DefaultTextureCube.uexp" 1058
"../../../Engine/Content/EngineResources/DefaultVolumeTexture2D.uasset" 1059
"../../../Engine/Content/EngineResources/DefaultVolumeTexture2D.uexp" 1060
"../../../Engine/Content/EngineResources/DefaultVolumeTexture.uasset" 1061
"../../../Engine/Content/EngineResources/DefaultVolumeTexture.uexp" 1062
"../../../Engine/Content/EngineMeshes/Sphere.ubulk" 1063
"../../../Engine/Content/EngineMeshes/Sphere.uasset" 1064
"../../../Engine/Content/EngineMeshes/Sphere.uexp" 1065
"../../../Engine/Plugins/Media/MediaPlate/Content/SM_MediaPlateScreen.ubulk" 1066
"../../../Engine/Plugins/Media/MediaPlate/Content/SM_MediaPlateScreen.uasset" 1067
"../../../Engine/Plugins/Media/MediaPlate/Content/SM_MediaPlateScreen.uexp" 1068
"../../../Engine/Content/Functions/Engine_MaterialFunctions02/WorldPositionOffset/CameraOffset.uasset" 1069
"../../../Engine/Content/Functions/Engine_MaterialFunctions02/WorldPositionOffset/CameraOffset.uexp" 1070
"../../../Engine/Plugins/Animation/ControlRig/Content/M_Manip.uasset" 1071
"../../../Engine/Plugins/Animation/ControlRig/Content/M_Manip.uexp" 1072
"../../../Engine/Plugins/2D/Paper2D/Content/DefaultSpriteMaterial.uasset" 1073
"../../../Engine/Plugins/2D/Paper2D/Content/DefaultSpriteMaterial.uexp" 1074
"../../../Engine/Plugins/2D/Paper2D/Content/OpaqueUnlitSpriteMaterial.uasset" 1075
"../../../Engine/Plugins/2D/Paper2D/Content/OpaqueUnlitSpriteMaterial.uexp" 1076
"../../../Engine/Plugins/2D/Paper2D/Content/MaskedUnlitSpriteMaterial.uasset" 1077
"../../../Engine/Plugins/2D/Paper2D/Content/MaskedUnlitSpriteMaterial.uexp" 1078
"../../../Engine/Content/VREditor/UI/ArrowMaterial.uasset" 1079
"../../../Engine/Content/VREditor/UI/ArrowMaterial.uexp" 1080
"C:/Users/USSER/Desktop/Smart_manual_demo/MySmartManualSample_PC/Content/Asset/SM_MyCube.uasset" 1081
"C:/Users/USSER/Desktop/Smart_manual_demo/MySmartManualSample_PC/Content/Asset/SM_MyCube.uexp" 1082
"../../../Engine/Content/VREditor/TransformGizmo/Xray.uasset" 1083
"../../../Engine/Content/VREditor/TransformGizmo/Xray.uexp" 1084
"C:/Users/USSER/Desktop/Smart_manual_demo/MySmartManualSample_PC/Content/Asset/SM_Lid_Bottom.uasset" 1085
"C:/Users/USSER/Desktop/Smart_manual_demo/MySmartManualSample_PC/Content/Asset/SM_Lid_Bottom.uexp" 1086
"../../../Engine/Plugins/Runtime/MeshModelingToolset/Content/Materials/M_DynamicMeshComponentVtxColor.uasset" 1087
"../../../Engine/Plugins/Runtime/MeshModelingToolset/Content/Materials/M_DynamicMeshComponentVtxColor.uexp" 1088
"../../../Engine/Plugins/Runtime/HairStrands/Content/Materials/HairMeshesDefaultMaterial.uasset" 1089
"../../../Engine/Plugins/Runtime/HairStrands/Content/Materials/HairMeshesDefaultMaterial.uexp" 1090
"../../../Engine/Plugins/Runtime/HairStrands/Content/Materials/HairDefaultMaterial.uasset" 1091
"../../../Engine/Plugins/Runtime/HairStrands/Content/Materials/HairDefaultMaterial.uexp" 1092
"../../../Engine/Plugins/Runtime/HairStrands/Content/Materials/HairGroupColors.uasset" 1093
"../../../Engine/Plugins/Runtime/HairStrands/Content/Materials/HairGroupColors.uexp" 1094
"../../../Engine/Content/Functions/Engine_MaterialFunctions02/Utility/MakeFloat2.uasset" 1095
"../../../Engine/Content/Functions/Engine_MaterialFunctions02/Utility/MakeFloat2.uexp" 1096
"../../../Engine/Content/EngineMaterials/HairColorMap.uasset" 1097
"../../../Engine/Content/EngineMaterials/HairColorMap.uexp" 1098
"../../../Engine/Content/EngineMaterials/HairDebugColor.uasset" 1099
"../../../Engine/Content/EngineMaterials/HairDebugColor.uexp" 1100
"../../../Engine/Plugins/Runtime/HairStrands/Content/Materials/HairDebugMaterial.uasset" 1101
"../../../Engine/Plugins/Runtime/HairStrands/Content/Materials/HairDebugMaterial.uexp" 1102
"../../../Engine/Plugins/Runtime/HairStrands/Content/Materials/HairCardsDefaultMaterial.uasset" 1103
"../../../Engine/Plugins/Runtime/HairStrands/Content/Materials/HairCardsDefaultMaterial.uexp" 1104
"../../../Engine/Content/Functions/Engine_MaterialFunctions02/Texturing/CustomRotator.uasset" 1105
"../../../Engine/Content/Functions/Engine_MaterialFunctions02/Texturing/CustomRotator.uexp" 1106
"../../../Engine/Plugins/Runtime/AudioWidgets/Content/AudioMaterialSlate/Functions/MF_SingleLine_Smooth.uasset" 1107
"../../../Engine/Plugins/Runtime/AudioWidgets/Content/AudioMaterialSlate/Functions/MF_SingleLine_Smooth.uexp" 1108
"../../../Engine/Plugins/Runtime/AudioWidgets/Content/AudioMaterialSlate/Functions/MF_AngleGradient.uasset" 1109
"../../../Engine/Plugins/Runtime/AudioWidgets/Content/AudioMaterialSlate/Functions/MF_AngleGradient.uexp" 1110
"../../../Engine/Plugins/Runtime/AudioWidgets/Content/AudioMaterialSlate/Functions/MF_SingleLine.uasset" 1111
"../../../Engine/Plugins/Runtime/AudioWidgets/Content/AudioMaterialSlate/Functions/MF_SingleLine.uexp" 1112
"../../../Engine/Content/Functions/Engine_MaterialFunctions01/Gradient/SphereGradient-2D.uasset" 1113
"../../../Engine/Content/Functions/Engine_MaterialFunctions01/Gradient/SphereGradient-2D.uexp" 1114
"../../../Engine/Plugins/Runtime/AudioWidgets/Content/AudioMaterialSlate/M_AudioMaterialToggleButton.uasset" 1115
"../../../Engine/Plugins/Runtime/AudioWidgets/Content/AudioMaterialSlate/M_AudioMaterialToggleButton.uexp" 1116
"../../../Engine/Plugins/Runtime/AudioWidgets/Content/AudioMaterialSlate/MI_AudioMaterialToggleButton.uasset" 1117
"../../../Engine/Plugins/Runtime/AudioWidgets/Content/AudioMaterialSlate/MI_AudioMaterialToggleButton.uexp" 1118
"../../../Engine/Content/Functions/Engine_MaterialFunctions02/Utility/VectorLength.uasset" 1119
"../../../Engine/Content/Functions/Engine_MaterialFunctions02/Utility/VectorLength.uexp" 1120
"../../../Engine/Content/Functions/Engine_MaterialFunctions01/Gradient/GeneratedRoundRect.uasset" 1121
"../../../Engine/Content/Functions/Engine_MaterialFunctions01/Gradient/GeneratedRoundRect.uexp" 1122
"../../../Engine/Plugins/Runtime/AudioWidgets/Content/AudioMaterialSlate/M_AudioMaterialRoundedSlider.uasset" 1123
"../../../Engine/Plugins/Runtime/AudioWidgets/Content/AudioMaterialSlate/M_AudioMaterialRoundedSlider.uexp" 1124
"../../../Engine/Plugins/Runtime/AudioWidgets/Content/AudioMaterialSlate/MI_AudioMaterialRoundedSlider.uasset" 1125
"../../../Engine/Plugins/Runtime/AudioWidgets/Content/AudioMaterialSlate/MI_AudioMaterialRoundedSlider.uexp" 1126
"../../../Engine/Plugins/Runtime/AudioWidgets/Content/AudioMaterialSlate/Functions/MF_Lines.uasset" 1127
"../../../Engine/Plugins/Runtime/AudioWidgets/Content/AudioMaterialSlate/Functions/MF_Lines.uexp" 1128
"../../../Engine/Content/Functions/Engine_MaterialFunctions02/Lerp_3Color.uasset" 1129
"../../../Engine/Content/Functions/Engine_MaterialFunctions02/Lerp_3Color.uexp" 1130
"../../../Engine/Plugins/Runtime/AudioWidgets/Content/AudioMaterialSlate/M_AudioMaterialMeter.uasset" 1131
"../../../Engine/Plugins/Runtime/AudioWidgets/Content/AudioMaterialSlate/M_AudioMaterialMeter.uexp" 1132
"../../../Engine/Plugins/Runtime/AudioWidgets/Content/AudioMaterialSlate/MI_AudioMaterialMeter.uasset" 1133
"../../../Engine/Plugins/Runtime/AudioWidgets/Content/AudioMaterialSlate/MI_AudioMaterialMeter.uexp" 1134
"../../../Engine/Plugins/Runtime/AudioWidgets/Content/AudioMaterialSlate/M_AudioMaterialKnob.uasset" 1135
"../../../Engine/Plugins/Runtime/AudioWidgets/Content/AudioMaterialSlate/M_AudioMaterialKnob.uexp" 1136
"../../../Engine/Plugins/Runtime/AudioWidgets/Content/AudioMaterialSlate/MI_AudioMaterialKnob.uasset" 1137
"../../../Engine/Plugins/Runtime/AudioWidgets/Content/AudioMaterialSlate/MI_AudioMaterialKnob.uexp" 1138
"../../../Engine/Plugins/Runtime/AudioWidgets/Content/AudioMaterialSlate/Functions/MF_DotOutlined.uasset" 1139
"../../../Engine/Plugins/Runtime/AudioWidgets/Content/AudioMaterialSlate/Functions/MF_DotOutlined.uexp" 1140
"../../../Engine/Plugins/Runtime/AudioWidgets/Content/AudioMaterialSlate/M_AudioMaterialEnvelope_ADSR.uasset" 1141
"../../../Engine/Plugins/Runtime/AudioWidgets/Content/AudioMaterialSlate/M_AudioMaterialEnvelope_ADSR.uexp" 1142
"../../../Engine/Plugins/Runtime/AudioWidgets/Content/AudioMaterialSlate/MI_AudioMaterialEnvelope_ADSR.uasset" 1143
"../../../Engine/Plugins/Runtime/AudioWidgets/Content/AudioMaterialSlate/MI_AudioMaterialEnvelope_ADSR.uexp" 1144
"../../../Engine/Plugins/Interchange/Assets/Content/Functions/MX_UsdPreviewSurface.uasset" 1145
"../../../Engine/Plugins/Interchange/Assets/Content/Functions/MX_UsdPreviewSurface.uexp" 1146
"../../../Engine/Plugins/Interchange/Assets/Content/Functions/MX_UniformEDF.uasset" 1147
"../../../Engine/Plugins/Interchange/Assets/Content/Functions/MX_UniformEDF.uexp" 1148
"../../../Engine/Plugins/Interchange/Assets/Content/Functions/MX_TranslucentBSDF.uasset" 1149
"../../../Engine/Plugins/Interchange/Assets/Content/Functions/MX_TranslucentBSDF.uexp" 1150
"../../../Engine/Plugins/Interchange/Assets/Content/Functions/MX_ThinFilmBSDF.uasset" 1151
"../../../Engine/Plugins/Interchange/Assets/Content/Functions/MX_ThinFilmBSDF.uexp" 1152
"../../../Engine/Plugins/Interchange/Assets/Content/Functions/MX_SurfaceUnlit.uasset" 1153
"../../../Engine/Plugins/Interchange/Assets/Content/Functions/MX_SurfaceUnlit.uexp" 1154
"../../../Engine/Plugins/Interchange/Assets/Content/Functions/MX_Surface.uasset" 1155
"../../../Engine/Plugins/Interchange/Assets/Content/Functions/MX_Surface.uexp" 1156
"../../../Engine/Plugins/Interchange/Assets/Content/Functions/MX_SubsurfaceBSDF.uasset" 1157
"../../../Engine/Plugins/Interchange/Assets/Content/Functions/MX_SubsurfaceBSDF.uexp" 1158
"../../../Engine/Plugins/Interchange/Assets/Content/Functions/MX_SheenBSDF.uasset" 1159
"../../../Engine/Plugins/Interchange/Assets/Content/Functions/MX_SheenBSDF.uexp" 1160
"../../../Engine/Plugins/Interchange/Assets/Content/Functions/MX_OrenNayarBSDF.uasset" 1161
"../../../Engine/Plugins/Interchange/Assets/Content/Functions/MX_OrenNayarBSDF.uexp" 1162
"../../../Engine/Plugins/Interchange/Assets/Content/Utilities/New_LUT.uasset" 1163
"../../../Engine/Plugins/Interchange/Assets/Content/Utilities/New_LUT.uexp" 1164
"../../../Engine/Content/Functions/Engine_MaterialFunctions03/Math/RemapValueRange.uasset" 1165
"../../../Engine/Content/Functions/Engine_MaterialFunctions03/Math/RemapValueRange.uexp" 1166
"../../../Engine/Plugins/Interchange/Assets/Content/Functions/MF_Iridescence.uasset" 1167
"../../../Engine/Plugins/Interchange/Assets/Content/Functions/MF_Iridescence.uexp" 1168
"../../../Engine/Plugins/Interchange/Assets/Content/Functions/MX_StandardSurface.uasset" 1169
"../../../Engine/Plugins/Interchange/Assets/Content/Functions/MX_StandardSurface.uexp" 1170
"../../../Engine/Plugins/Interchange/Assets/Content/Functions/MX_TransmissionSurface.uasset" 1171
"../../../Engine/Plugins/Interchange/Assets/Content/Functions/MX_TransmissionSurface.uexp" 1172
"../../../Engine/Plugins/Interchange/Assets/Content/Functions/MX_OpenPBR_Translucent.uasset" 1173
"../../../Engine/Plugins/Interchange/Assets/Content/Functions/MX_OpenPBR_Translucent.uexp" 1174
"../../../Engine/Plugins/Interchange/Assets/Content/Functions/MX_OpenPBR_Opaque.uasset" 1175
"../../../Engine/Plugins/Interchange/Assets/Content/Functions/MX_OpenPBR_Opaque.uexp" 1176
"../../../Engine/Plugins/Interchange/Assets/Content/Functions/MX_MeasuredEDF.uasset" 1177
"../../../Engine/Plugins/Interchange/Assets/Content/Functions/MX_MeasuredEDF.uexp" 1178
"../../../Engine/Plugins/Interchange/Assets/Content/Functions/MX_GeneralizedSchlickBSDF.uasset" 1179
"../../../Engine/Plugins/Interchange/Assets/Content/Functions/MX_GeneralizedSchlickBSDF.uexp" 1180
"../../../Engine/Plugins/Interchange/Assets/Content/Functions/MX_DielectricBSDF.uasset" 1181
"../../../Engine/Plugins/Interchange/Assets/Content/Functions/MX_DielectricBSDF.uexp" 1182
"../../../Engine/Plugins/Interchange/Assets/Content/Functions/MX_ConicalEDF.uasset" 1183
"../../../Engine/Plugins/Interchange/Assets/Content/Functions/MX_ConicalEDF.uexp" 1184
"../../../Engine/Plugins/Interchange/Assets/Content/Functions/MX_ConductorBSDF.uasset" 1185
"../../../Engine/Plugins/Interchange/Assets/Content/Functions/MX_ConductorBSDF.uexp" 1186
"../../../Engine/Plugins/Interchange/Assets/Content/Functions/MX_BurleyDiffuseBSDF.uasset" 1187
"../../../Engine/Plugins/Interchange/Assets/Content/Functions/MX_BurleyDiffuseBSDF.uexp" 1188
"../../../Engine/Plugins/Interchange/Assets/Content/Functions/MX_AnisotropicVDF.uasset" 1189
"../../../Engine/Plugins/Interchange/Assets/Content/Functions/MX_AnisotropicVDF.uexp" 1190
"../../../Engine/Plugins/Interchange/Assets/Content/Functions/MX_AbsorptionVDF.uasset" 1191
"../../../Engine/Plugins/Interchange/Assets/Content/Functions/MX_AbsorptionVDF.uexp" 1192
"../../../Engine/Plugins/Editor/SpeedTreeImporter/Content/SpeedTree9/game_wind_noise.ubulk" 1193
"../../../Engine/Plugins/Editor/SpeedTreeImporter/Content/SpeedTree9/game_wind_noise.uasset" 1194
"../../../Engine/Plugins/Editor/SpeedTreeImporter/Content/SpeedTree9/game_wind_noise.uexp" 1195
"../../../Engine/Plugins/Editor/SpeedTreeImporter/Content/SpeedTree9/UnpackDirection.uasset" 1196
"../../../Engine/Plugins/Editor/SpeedTreeImporter/Content/SpeedTree9/UnpackDirection.uexp" 1197
"../../../Engine/Content/Functions/Engine_MaterialFunctions02/ObjectLocalBounds.uasset" 1198
"../../../Engine/Content/Functions/Engine_MaterialFunctions02/ObjectLocalBounds.uexp" 1199
"../../../Engine/Content/Functions/Engine_MaterialFunctions02/UVs/BoundingBoxBased_0-1_UVW.uasset" 1200
"../../../Engine/Content/Functions/Engine_MaterialFunctions02/UVs/BoundingBoxBased_0-1_UVW.uexp" 1201
"../../../Engine/Plugins/Editor/SpeedTreeImporter/Content/SpeedTree9/UnpackInteger3.uasset" 1202
"../../../Engine/Plugins/Editor/SpeedTreeImporter/Content/SpeedTree9/UnpackInteger3.uexp" 1203
"../../../Engine/Plugins/Editor/SpeedTreeImporter/Content/SpeedTree9/SpeedTreeCameraFacing.uasset" 1204
"../../../Engine/Plugins/Editor/SpeedTreeImporter/Content/SpeedTree9/SpeedTreeCameraFacing.uexp" 1205
"../../../Engine/Content/Functions/Engine_MaterialFunctions02/WorldPositionOffset/ObjectScale.uasset" 1206
"../../../Engine/Content/Functions/Engine_MaterialFunctions02/WorldPositionOffset/ObjectScale.uexp" 1207
"../../../Engine/Content/Functions/Engine_MaterialFunctions02/SafeNormalize.uasset" 1208
"../../../Engine/Content/Functions/Engine_MaterialFunctions02/SafeNormalize.uexp" 1209
"../../../Engine/Plugins/Editor/SpeedTreeImporter/Content/SpeedTree9/SpeedTreeWindMotion.uasset" 1210
"../../../Engine/Plugins/Editor/SpeedTreeImporter/Content/SpeedTree9/SpeedTreeWindMotion.uexp" 1211
"../../../Engine/Plugins/Editor/SpeedTreeImporter/Content/SpeedTree9/SpeedTreeBranchMotion.uasset" 1212
"../../../Engine/Plugins/Editor/SpeedTreeImporter/Content/SpeedTree9/SpeedTreeBranchMotion.uexp" 1213
"../../../Engine/Plugins/Editor/SpeedTreeImporter/Content/SpeedTree9/SpeedTreeWind.uasset" 1214
"../../../Engine/Plugins/Editor/SpeedTreeImporter/Content/SpeedTree9/SpeedTreeWind.uexp" 1215
"../../../Engine/Plugins/Editor/SpeedTreeImporter/Content/SpeedTree9/EmptyNormal.uasset" 1216
"../../../Engine/Plugins/Editor/SpeedTreeImporter/Content/SpeedTree9/EmptyNormal.uexp" 1217
"../../../Engine/Plugins/Editor/SpeedTreeImporter/Content/SpeedTree9/Empty.uasset" 1218
"../../../Engine/Plugins/Editor/SpeedTreeImporter/Content/SpeedTree9/Empty.uexp" 1219
"../../../Engine/Plugins/Editor/SpeedTreeImporter/Content/SpeedTree9/SpeedTreeMaster.uasset" 1220
"../../../Engine/Plugins/Editor/SpeedTreeImporter/Content/SpeedTree9/SpeedTreeMaster.uexp" 1221
"../../../Engine/Plugins/Editor/SpeedTreeImporter/Content/SpeedTree9/SpeedTreeBillboard.uasset" 1222
"../../../Engine/Plugins/Editor/SpeedTreeImporter/Content/SpeedTree9/SpeedTreeBillboard.uexp" 1223
"../../../Engine/Plugins/Editor/SpeedTreeImporter/Content/SpeedTree9/SpeedTreeBillboardMaster.uasset" 1224
"../../../Engine/Plugins/Editor/SpeedTreeImporter/Content/SpeedTree9/SpeedTreeBillboardMaster.uexp" 1225
"../../../Engine/Plugins/Animation/ControlRig/Content/Controls/ControlRig_Wedge_solid.ubulk" 1226
"../../../Engine/Plugins/Animation/ControlRig/Content/Controls/ControlRig_Wedge_solid.uasset" 1227
"../../../Engine/Plugins/Animation/ControlRig/Content/Controls/ControlRig_Wedge_solid.uexp" 1228
"../../../Engine/Plugins/Animation/ControlRig/Content/Controls/ControlRig_Wedge_3mm.ubulk" 1229
"../../../Engine/Plugins/Animation/ControlRig/Content/Controls/ControlRig_Wedge_3mm.uasset" 1230
"../../../Engine/Plugins/Animation/ControlRig/Content/Controls/ControlRig_Wedge_3mm.uexp" 1231
"../../../Engine/Plugins/Animation/ControlRig/Content/Controls/ControlRig_Wedge_1mm.ubulk" 1232
"../../../Engine/Plugins/Animation/ControlRig/Content/Controls/ControlRig_Wedge_1mm.uasset" 1233
"../../../Engine/Plugins/Animation/ControlRig/Content/Controls/ControlRig_Wedge_1mm.uexp" 1234
"../../../Engine/Plugins/Animation/ControlRig/Content/Controls/ControlRig_Triangle_solid.ubulk" 1235
"../../../Engine/Plugins/Animation/ControlRig/Content/Controls/ControlRig_Triangle_solid.uasset" 1236
"../../../Engine/Plugins/Animation/ControlRig/Content/Controls/ControlRig_Triangle_solid.uexp" 1237
"../../../Engine/Plugins/Animation/ControlRig/Content/Controls/ControlRig_Triangle_3mm.ubulk" 1238
"../../../Engine/Plugins/Animation/ControlRig/Content/Controls/ControlRig_Triangle_3mm.uasset" 1239
"../../../Engine/Plugins/Animation/ControlRig/Content/Controls/ControlRig_Triangle_3mm.uexp" 1240
"../../../Engine/Plugins/Animation/ControlRig/Content/Controls/ControlRig_Triangle_1mm.ubulk" 1241
"../../../Engine/Plugins/Animation/ControlRig/Content/Controls/ControlRig_Triangle_1mm.uasset" 1242
"../../../Engine/Plugins/Animation/ControlRig/Content/Controls/ControlRig_Triangle_1mm.uexp" 1243
"../../../Engine/Plugins/Animation/ControlRig/Content/Controls/ControlRig_Star4_solid.ubulk" 1244
"../../../Engine/Plugins/Animation/ControlRig/Content/Controls/ControlRig_Star4_solid.uasset" 1245
"../../../Engine/Plugins/Animation/ControlRig/Content/Controls/ControlRig_Star4_solid.uexp" 1246
"../../../Engine/Plugins/Animation/ControlRig/Content/Controls/ControlRig_Star4_3mm.ubulk" 1247
"../../../Engine/Plugins/Animation/ControlRig/Content/Controls/ControlRig_Star4_3mm.uasset" 1248
"../../../Engine/Plugins/Animation/ControlRig/Content/Controls/ControlRig_Star4_3mm.uexp" 1249
"../../../Engine/Plugins/Animation/ControlRig/Content/Controls/ControlRig_Star4_1mm.ubulk" 1250
"../../../Engine/Plugins/Animation/ControlRig/Content/Controls/ControlRig_Star4_1mm.uasset" 1251
"../../../Engine/Plugins/Animation/ControlRig/Content/Controls/ControlRig_Star4_1mm.uexp" 1252
"../../../Engine/Plugins/Animation/ControlRig/Content/Controls/ControlRig_Square_solid.ubulk" 1253
"../../../Engine/Plugins/Animation/ControlRig/Content/Controls/ControlRig_Square_solid.uasset" 1254
"../../../Engine/Plugins/Animation/ControlRig/Content/Controls/ControlRig_Square_solid.uexp" 1255
"../../../Engine/Plugins/Animation/ControlRig/Content/Controls/ControlRig_Square_3mm.ubulk" 1256
"../../../Engine/Plugins/Animation/ControlRig/Content/Controls/ControlRig_Square_3mm.uasset" 1257
"../../../Engine/Plugins/Animation/ControlRig/Content/Controls/ControlRig_Square_3mm.uexp" 1258
"../../../Engine/Plugins/Animation/ControlRig/Content/Controls/ControlRig_Square_1mm.ubulk" 1259
"../../../Engine/Plugins/Animation/ControlRig/Content/Controls/ControlRig_Square_1mm.uasset" 1260
"../../../Engine/Plugins/Animation/ControlRig/Content/Controls/ControlRig_Square_1mm.uexp" 1261
"../../../Engine/Plugins/Animation/ControlRig/Content/Controls/ControlRig_Sphere_solid.ubulk" 1262
"../../../Engine/Plugins/Animation/ControlRig/Content/Controls/ControlRig_Sphere_solid.uasset" 1263
"../../../Engine/Plugins/Animation/ControlRig/Content/Controls/ControlRig_Sphere_solid.uexp" 1264
"../../../Engine/Plugins/Animation/ControlRig/Content/Controls/ControlRig_Sphere_3mm.ubulk" 1265
"../../../Engine/Plugins/Animation/ControlRig/Content/Controls/ControlRig_Sphere_3mm.uasset" 1266
"../../../Engine/Plugins/Animation/ControlRig/Content/Controls/ControlRig_Sphere_3mm.uexp" 1267
"../../../Engine/Plugins/Animation/ControlRig/Content/Controls/ControlRig_Sphere_1mm.ubulk" 1268
"../../../Engine/Plugins/Animation/ControlRig/Content/Controls/ControlRig_Sphere_1mm.uasset" 1269
"../../../Engine/Plugins/Animation/ControlRig/Content/Controls/ControlRig_Sphere_1mm.uexp" 1270
"../../../Engine/Plugins/Animation/ControlRig/Content/Controls/ControlRig_RoundedTriangle_solid.ubulk" 1271
"../../../Engine/Plugins/Animation/ControlRig/Content/Controls/ControlRig_RoundedTriangle_solid.uasset" 1272
"../../../Engine/Plugins/Animation/ControlRig/Content/Controls/ControlRig_RoundedTriangle_solid.uexp" 1273
"../../../Engine/Plugins/Animation/ControlRig/Content/Controls/ControlRig_RoundedTriangle_3mm.ubulk" 1274
"../../../Engine/Plugins/Animation/ControlRig/Content/Controls/ControlRig_RoundedTriangle_3mm.uasset" 1275
"../../../Engine/Plugins/Animation/ControlRig/Content/Controls/ControlRig_RoundedTriangle_3mm.uexp" 1276
"../../../Engine/Plugins/Animation/ControlRig/Content/Controls/ControlRig_RoundedTriangle_1mm.ubulk" 1277
"../../../Engine/Plugins/Animation/ControlRig/Content/Controls/ControlRig_RoundedTriangle_1mm.uasset" 1278
"../../../Engine/Plugins/Animation/ControlRig/Content/Controls/ControlRig_RoundedTriangle_1mm.uexp" 1279
"../../../Engine/Plugins/Animation/ControlRig/Content/Controls/ControlRig_RoundedSquare_solid.ubulk" 1280
"../../../Engine/Plugins/Animation/ControlRig/Content/Controls/ControlRig_RoundedSquare_solid.uasset" 1281
"../../../Engine/Plugins/Animation/ControlRig/Content/Controls/ControlRig_RoundedSquare_solid.uexp" 1282
"../../../Engine/Plugins/Animation/ControlRig/Content/Controls/ControlRig_RoundedSquare_3mm.ubulk" 1283
"../../../Engine/Plugins/Animation/ControlRig/Content/Controls/ControlRig_RoundedSquare_3mm.uasset" 1284
"../../../Engine/Plugins/Animation/ControlRig/Content/Controls/ControlRig_RoundedSquare_3mm.uexp" 1285
"../../../Engine/Plugins/Animation/ControlRig/Content/Controls/ControlRig_RoundedSquare_1mm.ubulk" 1286
"../../../Engine/Plugins/Animation/ControlRig/Content/Controls/ControlRig_RoundedSquare_1mm.uasset" 1287
"../../../Engine/Plugins/Animation/ControlRig/Content/Controls/ControlRig_RoundedSquare_1mm.uexp" 1288
"../../../Engine/Plugins/Animation/ControlRig/Content/Controls/ControlRig_QuarterCircle_solid.ubulk" 1289
"../../../Engine/Plugins/Animation/ControlRig/Content/Controls/ControlRig_QuarterCircle_solid.uasset" 1290
"../../../Engine/Plugins/Animation/ControlRig/Content/Controls/ControlRig_QuarterCircle_solid.uexp" 1291
"../../../Engine/Plugins/Animation/ControlRig/Content/Controls/ControlRig_QuarterCircle_3mm.ubulk" 1292
"../../../Engine/Plugins/Animation/ControlRig/Content/Controls/ControlRig_QuarterCircle_3mm.uasset" 1293
"../../../Engine/Plugins/Animation/ControlRig/Content/Controls/ControlRig_QuarterCircle_3mm.uexp" 1294
"../../../Engine/Plugins/Animation/ControlRig/Content/Controls/ControlRig_QuarterCircle_1mm.ubulk" 1295
"../../../Engine/Plugins/Animation/ControlRig/Content/Controls/ControlRig_QuarterCircle_1mm.uasset" 1296
"../../../Engine/Plugins/Animation/ControlRig/Content/Controls/ControlRig_QuarterCircle_1mm.uexp" 1297
"../../../Engine/Plugins/Animation/ControlRig/Content/Controls/ControlRig_Pyramid_solid.ubulk" 1298
"../../../Engine/Plugins/Animation/ControlRig/Content/Controls/ControlRig_Pyramid_solid.uasset" 1299
"../../../Engine/Plugins/Animation/ControlRig/Content/Controls/ControlRig_Pyramid_solid.uexp" 1300
"../../../Engine/Plugins/Animation/ControlRig/Content/Controls/ControlRig_Pyramid_3mm.ubulk" 1301
"../../../Engine/Plugins/Animation/ControlRig/Content/Controls/ControlRig_Pyramid_3mm.uasset" 1302
"../../../Engine/Plugins/Animation/ControlRig/Content/Controls/ControlRig_Pyramid_3mm.uexp" 1303
"../../../Engine/Plugins/Animation/ControlRig/Content/Controls/ControlRig_Pyramid_1mm.ubulk" 1304
"../../../Engine/Plugins/Animation/ControlRig/Content/Controls/ControlRig_Pyramid_1mm.uasset" 1305
"../../../Engine/Plugins/Animation/ControlRig/Content/Controls/ControlRig_Pyramid_1mm.uexp" 1306
"../../../Engine/Plugins/Animation/ControlRig/Content/Controls/ControlRig_Octagon_solid.ubulk" 1307
"../../../Engine/Plugins/Animation/ControlRig/Content/Controls/ControlRig_Octagon_solid.uasset" 1308
"../../../Engine/Plugins/Animation/ControlRig/Content/Controls/ControlRig_Octagon_solid.uexp" 1309
"../../../Engine/Plugins/Animation/ControlRig/Content/Controls/ControlRig_Octagon_3mm.ubulk" 1310
"../../../Engine/Plugins/Animation/ControlRig/Content/Controls/ControlRig_Octagon_3mm.uasset" 1311
"../../../Engine/Plugins/Animation/ControlRig/Content/Controls/ControlRig_Octagon_3mm.uexp" 1312
"../../../Engine/Plugins/Animation/ControlRig/Content/Controls/ControlRig_Octagon_1mm.ubulk" 1313
"../../../Engine/Plugins/Animation/ControlRig/Content/Controls/ControlRig_Octagon_1mm.uasset" 1314
"../../../Engine/Plugins/Animation/ControlRig/Content/Controls/ControlRig_Octagon_1mm.uexp" 1315
"../../../Engine/Plugins/Animation/ControlRig/Content/Controls/ControlRig_Hexagon_solid.ubulk" 1316
"../../../Engine/Plugins/Animation/ControlRig/Content/Controls/ControlRig_Hexagon_solid.uasset" 1317
"../../../Engine/Plugins/Animation/ControlRig/Content/Controls/ControlRig_Hexagon_solid.uexp" 1318
"../../../Engine/Plugins/Animation/ControlRig/Content/Controls/ControlRig_Hexagon_3mm.ubulk" 1319
"../../../Engine/Plugins/Animation/ControlRig/Content/Controls/ControlRig_Hexagon_3mm.uasset" 1320
"../../../Engine/Plugins/Animation/ControlRig/Content/Controls/ControlRig_Hexagon_3mm.uexp" 1321
"../../../Engine/Plugins/Animation/ControlRig/Content/Controls/ControlRig_Hexagon_1mm.ubulk" 1322
"../../../Engine/Plugins/Animation/ControlRig/Content/Controls/ControlRig_Hexagon_1mm.uasset" 1323
"../../../Engine/Plugins/Animation/ControlRig/Content/Controls/ControlRig_Hexagon_1mm.uexp" 1324
"../../../Engine/Plugins/Animation/ControlRig/Content/Controls/ControlRig_HalfCircle_solid.ubulk" 1325
"../../../Engine/Plugins/Animation/ControlRig/Content/Controls/ControlRig_HalfCircle_solid.uasset" 1326
"../../../Engine/Plugins/Animation/ControlRig/Content/Controls/ControlRig_HalfCircle_solid.uexp" 1327
"../../../Engine/Plugins/Animation/ControlRig/Content/Controls/ControlRig_HalfCircle_3mm.ubulk" 1328
"../../../Engine/Plugins/Animation/ControlRig/Content/Controls/ControlRig_HalfCircle_3mm.uasset" 1329
"../../../Engine/Plugins/Animation/ControlRig/Content/Controls/ControlRig_HalfCircle_3mm.uexp" 1330
"../../../Engine/Plugins/Animation/ControlRig/Content/Controls/ControlRig_HalfCircle_1mm.ubulk" 1331
"../../../Engine/Plugins/Animation/ControlRig/Content/Controls/ControlRig_HalfCircle_1mm.uasset" 1332
"../../../Engine/Plugins/Animation/ControlRig/Content/Controls/ControlRig_HalfCircle_1mm.uexp" 1333
"../../../Engine/Plugins/Animation/ControlRig/Content/Controls/ControlRig_Diamond_solid.ubulk" 1334
"../../../Engine/Plugins/Animation/ControlRig/Content/Controls/ControlRig_Diamond_solid.uasset" 1335
"../../../Engine/Plugins/Animation/ControlRig/Content/Controls/ControlRig_Diamond_solid.uexp" 1336
"../../../Engine/Plugins/Animation/ControlRig/Content/Controls/ControlRig_Diamond_3mm.ubulk" 1337
"../../../Engine/Plugins/Animation/ControlRig/Content/Controls/ControlRig_Diamond_3mm.uasset" 1338
"../../../Engine/Plugins/Animation/ControlRig/Content/Controls/ControlRig_Diamond_3mm.uexp" 1339
"../../../Engine/Plugins/Animation/ControlRig/Content/Controls/ControlRig_Diamond_1mm.ubulk" 1340
"../../../Engine/Plugins/Animation/ControlRig/Content/Controls/ControlRig_Diamond_1mm.uasset" 1341
"../../../Engine/Plugins/Animation/ControlRig/Content/Controls/ControlRig_Diamond_1mm.uexp" 1342
"../../../Engine/Plugins/Animation/ControlRig/Content/Controls/ControlRig_Circle_solid.ubulk" 1343
"../../../Engine/Plugins/Animation/ControlRig/Content/Controls/ControlRig_Circle_solid.uasset" 1344
"../../../Engine/Plugins/Animation/ControlRig/Content/Controls/ControlRig_Circle_solid.uexp" 1345
"../../../Engine/Plugins/Animation/ControlRig/Content/Controls/ControlRig_Circle_3mm.ubulk" 1346
"../../../Engine/Plugins/Animation/ControlRig/Content/Controls/ControlRig_Circle_3mm.uasset" 1347
"../../../Engine/Plugins/Animation/ControlRig/Content/Controls/ControlRig_Circle_3mm.uexp" 1348
"../../../Engine/Plugins/Animation/ControlRig/Content/Controls/ControlRig_Circle_1mm.ubulk" 1349
"../../../Engine/Plugins/Animation/ControlRig/Content/Controls/ControlRig_Circle_1mm.uasset" 1350
"../../../Engine/Plugins/Animation/ControlRig/Content/Controls/ControlRig_Circle_1mm.uexp" 1351
"../../../Engine/Plugins/Animation/ControlRig/Content/Controls/ControlRig_Box_solid.ubulk" 1352
"../../../Engine/Plugins/Animation/ControlRig/Content/Controls/ControlRig_Box_solid.uasset" 1353
"../../../Engine/Plugins/Animation/ControlRig/Content/Controls/ControlRig_Box_solid.uexp" 1354
"../../../Engine/Plugins/Animation/ControlRig/Content/Controls/ControlRig_Box_3mm.ubulk" 1355
"../../../Engine/Plugins/Animation/ControlRig/Content/Controls/ControlRig_Box_3mm.uasset" 1356
"../../../Engine/Plugins/Animation/ControlRig/Content/Controls/ControlRig_Box_3mm.uexp" 1357
"../../../Engine/Plugins/Animation/ControlRig/Content/Controls/ControlRig_Box_1mm.ubulk" 1358
"../../../Engine/Plugins/Animation/ControlRig/Content/Controls/ControlRig_Box_1mm.uasset" 1359
"../../../Engine/Plugins/Animation/ControlRig/Content/Controls/ControlRig_Box_1mm.uexp" 1360
"../../../Engine/Plugins/Animation/ControlRig/Content/Controls/ControlRig_Arrow_solid.ubulk" 1361
"../../../Engine/Plugins/Animation/ControlRig/Content/Controls/ControlRig_Arrow_solid.uasset" 1362
"../../../Engine/Plugins/Animation/ControlRig/Content/Controls/ControlRig_Arrow_solid.uexp" 1363
"../../../Engine/Plugins/Animation/ControlRig/Content/Controls/ControlRig_Arrow_3mm.ubulk" 1364
"../../../Engine/Plugins/Animation/ControlRig/Content/Controls/ControlRig_Arrow_3mm.uasset" 1365
"../../../Engine/Plugins/Animation/ControlRig/Content/Controls/ControlRig_Arrow_3mm.uexp" 1366
"../../../Engine/Plugins/Animation/ControlRig/Content/Controls/ControlRig_Arrow_1mm.ubulk" 1367
"../../../Engine/Plugins/Animation/ControlRig/Content/Controls/ControlRig_Arrow_1mm.uasset" 1368
"../../../Engine/Plugins/Animation/ControlRig/Content/Controls/ControlRig_Arrow_1mm.uexp" 1369
"../../../Engine/Plugins/Animation/ControlRig/Content/Controls/ControlRig_Arrow4_solid.ubulk" 1370
"../../../Engine/Plugins/Animation/ControlRig/Content/Controls/ControlRig_Arrow4_solid.uasset" 1371
"../../../Engine/Plugins/Animation/ControlRig/Content/Controls/ControlRig_Arrow4_solid.uexp" 1372
"../../../Engine/Plugins/Animation/ControlRig/Content/Controls/ControlRig_Arrow4_3mm.ubulk" 1373
"../../../Engine/Plugins/Animation/ControlRig/Content/Controls/ControlRig_Arrow4_3mm.uasset" 1374
"../../../Engine/Plugins/Animation/ControlRig/Content/Controls/ControlRig_Arrow4_3mm.uexp" 1375
"../../../Engine/Plugins/Animation/ControlRig/Content/Controls/ControlRig_Arrow4_1mm.ubulk" 1376
"../../../Engine/Plugins/Animation/ControlRig/Content/Controls/ControlRig_Arrow4_1mm.uasset" 1377
"../../../Engine/Plugins/Animation/ControlRig/Content/Controls/ControlRig_Arrow4_1mm.uexp" 1378
"../../../Engine/Plugins/Animation/ControlRig/Content/Controls/ControlRig_Arrow2_solid.ubulk" 1379
"../../../Engine/Plugins/Animation/ControlRig/Content/Controls/ControlRig_Arrow2_solid.uasset" 1380
"../../../Engine/Plugins/Animation/ControlRig/Content/Controls/ControlRig_Arrow2_solid.uexp" 1381
"../../../Engine/Plugins/Animation/ControlRig/Content/Controls/ControlRig_Arrow2_3mm.ubulk" 1382
"../../../Engine/Plugins/Animation/ControlRig/Content/Controls/ControlRig_Arrow2_3mm.uasset" 1383
"../../../Engine/Plugins/Animation/ControlRig/Content/Controls/ControlRig_Arrow2_3mm.uexp" 1384
"../../../Engine/Plugins/Animation/ControlRig/Content/Controls/ControlRig_Arrow2_1mm.ubulk" 1385
"../../../Engine/Plugins/Animation/ControlRig/Content/Controls/ControlRig_Arrow2_1mm.uasset" 1386
"../../../Engine/Plugins/Animation/ControlRig/Content/Controls/ControlRig_Arrow2_1mm.uexp" 1387
"../../../Engine/Plugins/Animation/ControlRig/Content/Controls/ControlRigXRayMaterial.uasset" 1388
"../../../Engine/Plugins/Animation/ControlRig/Content/Controls/ControlRigXRayMaterial.uexp" 1389
"../../../Engine/Plugins/Animation/ControlRig/Content/Controls/ControlRigGizmoMaterial.uasset" 1390
"../../../Engine/Plugins/Animation/ControlRig/Content/Controls/ControlRigGizmoMaterial.uexp" 1391
"../../../Engine/Content/EngineResources/WhiteSquareTexture.uasset" 1392
"../../../Engine/Content/EngineResources/WhiteSquareTexture.uexp" 1393
"../../../Engine/Content/EngineMaterials/Widget3DPassThrough.uasset" 1394
"../../../Engine/Content/EngineMaterials/Widget3DPassThrough.uexp" 1395
"../../../Engine/Content/EngineMaterials/Widget3DPassThrough_Translucent.uasset" 1396
"../../../Engine/Content/EngineMaterials/Widget3DPassThrough_Translucent.uexp" 1397
"../../../Engine/Content/EngineMaterials/Widget3DPassThrough_Translucent_OneSided.uasset" 1398
"../../../Engine/Content/EngineMaterials/Widget3DPassThrough_Translucent_OneSided.uexp" 1399
"../../../Engine/Content/EngineMaterials/Widget3DPassThrough_Opaque.uasset" 1400
"../../../Engine/Content/EngineMaterials/Widget3DPassThrough_Opaque.uexp" 1401
"../../../Engine/Content/EngineMaterials/Widget3DPassThrough_Opaque_OneSided.uasset" 1402
"../../../Engine/Content/EngineMaterials/Widget3DPassThrough_Opaque_OneSided.uexp" 1403
"../../../Engine/Content/EngineMaterials/Widget3DPassThrough_Masked_OneSided.uasset" 1404
"../../../Engine/Content/EngineMaterials/Widget3DPassThrough_Masked_OneSided.uexp" 1405
"../../../Engine/Content/EngineMaterials/Widget3DPassThrough_Masked.uasset" 1406
"../../../Engine/Content/EngineMaterials/Widget3DPassThrough_Masked.uexp" 1407
"../../../Engine/Content/EngineMaterials/WeightMapPlaceholderTexture.uasset" 1408
"../../../Engine/Content/EngineMaterials/WeightMapPlaceholderTexture.uexp" 1409
"../../../Engine/Content/EngineMaterials/WeightMapArrayPlaceholderTexture.uasset" 1410
"../../../Engine/Content/EngineMaterials/WeightMapArrayPlaceholderTexture.uexp" 1411
"../../../Engine/Content/EngineMaterials/RemoveSurfaceMaterial.uasset" 1412
"../../../Engine/Content/EngineMaterials/RemoveSurfaceMaterial.uexp" 1413
"../../../Engine/Content/EngineMaterials/DefaultCalibrationGrayscale.uasset" 1414
"../../../Engine/Content/EngineMaterials/DefaultCalibrationGrayscale.uexp" 1415
"../../../Engine/Content/EngineMaterials/PPM_DefaultCalibrationGrayscale.uasset" 1416
"../../../Engine/Content/EngineMaterials/PPM_DefaultCalibrationGrayscale.uexp" 1417
"../../../Engine/Content/EngineMaterials/DefaultCalibrationColor.uasset" 1418
"../../../Engine/Content/EngineMaterials/DefaultCalibrationColor.uexp" 1419
"../../../Engine/Content/EngineMaterials/PPM_DefaultCalibrationColor.uasset" 1420
"../../../Engine/Content/EngineMaterials/PPM_DefaultCalibrationColor.uexp" 1421
"../../../Engine/Content/EngineMaterials/PhAT_JointLimitMaterial.uasset" 1422
"../../../Engine/Content/EngineMaterials/PhAT_JointLimitMaterial.uexp" 1423
"../../../Engine/Content/EngineMaterials/NaniteHiddenSectionMaterial.uasset" 1424
"../../../Engine/Content/EngineMaterials/NaniteHiddenSectionMaterial.uexp" 1425
"../../../Engine/Content/EngineMaterials/InvalidLightmapSettings.ubulk" 1426
"../../../Engine/Content/EngineMaterials/InvalidLightmapSettings.uasset" 1427
"../../../Engine/Content/EngineMaterials/InvalidLightmapSettings.uexp" 1428
"../../../Engine/Content/EngineMaterials/M_InvalidLightmapSettings.uasset" 1429
"../../../Engine/Content/EngineMaterials/M_InvalidLightmapSettings.uexp" 1430
"../../../Engine/Content/EngineMaterials/GizmoMaterial.uasset" 1431
"../../../Engine/Content/EngineMaterials/GizmoMaterial.uexp" 1432
"../../../Engine/Content/EngineMaterials/BaseFlattenEmissiveMap_VT.uasset" 1433
"../../../Engine/Content/EngineMaterials/BaseFlattenEmissiveMap_VT.uexp" 1434
"../../../Engine/Content/EngineMaterials/BaseFlattenGrayscaleMap_VT.uasset" 1435
"../../../Engine/Content/EngineMaterials/BaseFlattenGrayscaleMap_VT.uexp" 1436
"../../../Engine/Content/EngineMaterials/BaseFlattenLinearColor_VT.uasset" 1437
"../../../Engine/Content/EngineMaterials/BaseFlattenLinearColor_VT.uexp" 1438
"../../../Engine/Content/EngineMaterials/Black_1x1_EXR_Texture_VT.uasset" 1439
"../../../Engine/Content/EngineMaterials/Black_1x1_EXR_Texture_VT.uexp" 1440
"../../../Engine/Content/EngineMaterials/BaseFlattenDiffuseMap_VT.uasset" 1441
"../../../Engine/Content/EngineMaterials/BaseFlattenDiffuseMap_VT.uexp" 1442
"../../../Engine/Content/EngineMaterials/BaseFlattenNormalMap_VT.uasset" 1443
"../../../Engine/Content/EngineMaterials/BaseFlattenNormalMap_VT.uexp" 1444
"../../../Engine/Content/EngineMaterials/FlattenMaterial_WS_Normal_VT.uasset" 1445
"../../../Engine/Content/EngineMaterials/FlattenMaterial_WS_Normal_VT.uexp" 1446
"../../../Engine/Content/EngineMaterials/FlattenMaterial_VT.uasset" 1447
"../../../Engine/Content/EngineMaterials/FlattenMaterial_VT.uexp" 1448
"../../../Engine/Content/EngineMaterials/BaseFlattenNormalMap.uasset" 1449
"../../../Engine/Content/EngineMaterials/BaseFlattenNormalMap.uexp" 1450
"../../../Engine/Content/EngineMaterials/BaseFlattenGrayscaleMap.uasset" 1451
"../../../Engine/Content/EngineMaterials/BaseFlattenGrayscaleMap.uexp" 1452
"../../../Engine/Content/EngineMaterials/BaseFlattenDiffuseMap.uasset" 1453
"../../../Engine/Content/EngineMaterials/BaseFlattenDiffuseMap.uexp" 1454
"../../../Engine/Content/Functions/Engine_MaterialFunctions02/PivotPainter2/Black_1x1_EXR_Texture.uasset" 1455
"../../../Engine/Content/Functions/Engine_MaterialFunctions02/PivotPainter2/Black_1x1_EXR_Texture.uexp" 1456
"../../../Engine/Content/EngineMaterials/BaseFlattenEmissiveMap.uasset" 1457
"../../../Engine/Content/EngineMaterials/BaseFlattenEmissiveMap.uexp" 1458
"../../../Engine/Content/EngineMaterials/BaseFlattenLinearColor.uasset" 1459
"../../../Engine/Content/EngineMaterials/BaseFlattenLinearColor.uexp" 1460
"../../../Engine/Content/EngineMaterials/FlattenMaterial.uasset" 1461
"../../../Engine/Content/EngineMaterials/FlattenMaterial.uexp" 1462
"../../../Engine/Content/EngineMaterials/DefaultWhiteGrid_Low.uasset" 1463
"../../../Engine/Content/EngineMaterials/DefaultWhiteGrid_Low.uexp" 1464
"../../../Engine/Content/EngineMaterials/EmissiveMeshMaterial.uasset" 1465
"../../../Engine/Content/EngineMaterials/EmissiveMeshMaterial.uexp" 1466
"../../../Engine/Content/EngineFonts/RobotoDistanceField.uasset" 1467
"../../../Engine/Content/EngineFonts/RobotoDistanceField.uexp" 1468
"../../../Engine/Content/EngineMaterials/DefaultTextMaterialOpaque.uasset" 1469
"../../../Engine/Content/EngineMaterials/DefaultTextMaterialOpaque.uexp" 1470
"../../../Engine/Content/EngineMaterials/DefaultDiffuse.ubulk" 1471
"../../../Engine/Content/EngineMaterials/DefaultDiffuse.uasset" 1472
"../../../Engine/Content/EngineMaterials/DefaultDiffuse.uexp" 1473
"../../../Engine/Content/EngineMaterials/DefaultPostProcessMaterial.uasset" 1474
"../../../Engine/Content/EngineMaterials/DefaultPostProcessMaterial.uexp" 1475
"../../../Engine/Content/EngineMaterials/DefaultLightFunctionMaterial.uasset" 1476
"../../../Engine/Content/EngineMaterials/DefaultLightFunctionMaterial.uexp" 1477
"../../../Engine/Content/EngineMaterials/DefaultDeferredDecalMaterial.uasset" 1478
"../../../Engine/Content/EngineMaterials/DefaultDeferredDecalMaterial.uexp" 1479
"../../../Engine/Content/Functions/Engine_MaterialFunctions02/Utility/CameraDirectionVector.uasset" 1480
"../../../Engine/Content/Functions/Engine_MaterialFunctions02/Utility/CameraDirectionVector.uexp" 1481
"../../../Engine/Content/EngineDebugMaterials/VolumeToRender.uasset" 1482
"../../../Engine/Content/EngineDebugMaterials/VolumeToRender.uexp" 1483
"../../../Engine/Content/EngineDebugMaterials/M_VolumeRenderSphereTracePP.uasset" 1484
"../../../Engine/Content/EngineDebugMaterials/M_VolumeRenderSphereTracePP.uexp" 1485
"../../../Engine/Content/EngineDebugMaterials/M_SimpleUnlitTranslucent.uasset" 1486
"../../../Engine/Content/EngineDebugMaterials/M_SimpleUnlitTranslucent.uexp" 1487
"../../../Engine/Content/EngineDebugMaterials/DebugMeshMaterial.uasset" 1488
"../../../Engine/Content/EngineDebugMaterials/DebugMeshMaterial.uexp" 1489
"../../../Engine/Content/EngineDebugMaterials/DebugEditorMaterial.uasset" 1490
"../../../Engine/Content/EngineDebugMaterials/DebugEditorMaterial.uexp" 1491
"../../../Engine/Content/EditorMaterials/PreviewShadowIndicator.ubulk" 1492
"../../../Engine/Content/EditorMaterials/PreviewShadowIndicator.uasset" 1493
"../../../Engine/Content/EditorMaterials/PreviewShadowIndicator.uexp" 1494
"../../../Engine/Content/EditorMaterials/PreviewShadowIndicatorMaterial.uasset" 1495
"../../../Engine/Content/EditorMaterials/PreviewShadowIndicatorMaterial.uexp" 1496
"../../../Engine/Content/EditorMaterials/PhAT_UnselectedMaterial.uasset" 1497
"../../../Engine/Content/EditorMaterials/PhAT_UnselectedMaterial.uexp" 1498
"../../../Engine/Content/EditorMaterials/PhAT_NoCollisionMaterial.uasset" 1499
"../../../Engine/Content/EditorMaterials/PhAT_NoCollisionMaterial.uexp" 1500
"../../../Engine/Content/EditorLandscapeResources/SplineEditorMeshMat.uasset" 1501
"../../../Engine/Content/EditorLandscapeResources/SplineEditorMeshMat.uexp" 1502
"../../../Engine/Content/EditorLandscapeResources/SplineEditorMesh.ubulk" 1503
"../../../Engine/Content/EditorLandscapeResources/SplineEditorMesh.uasset" 1504
"../../../Engine/Content/EditorLandscapeResources/SplineEditorMesh.uexp" 1505
"../../../Engine/Content/BasicShapes/Plane.ubulk" 1506
"../../../Engine/Content/BasicShapes/Plane.uasset" 1507
"../../../Engine/Content/BasicShapes/Plane.uexp" 1508
"../../../Engine/Content/BasicShapes/Cone.ubulk" 1509
"../../../Engine/Content/BasicShapes/Cone.uasset" 1510
"../../../Engine/Content/BasicShapes/Cone.uexp" 1511
"C:/Users/USSER/Desktop/Smart_manual_demo/MySmartManualSample_PC/Content/Test/Mesh/NewMaterialInstanceConstant.uasset" 1512
"C:/Users/USSER/Desktop/Smart_manual_demo/MySmartManualSample_PC/Content/Test/Mesh/NewMaterialInstanceConstant.uexp" 1513
"C:/Users/USSER/Desktop/Smart_manual_demo/MySmartManualSample_PC/Content/LevelPrototyping/Textures/T_GridChecker_A.ubulk" 1514
"C:/Users/USSER/Desktop/Smart_manual_demo/MySmartManualSample_PC/Content/LevelPrototyping/Textures/T_GridChecker_A.uasset" 1515
"C:/Users/USSER/Desktop/Smart_manual_demo/MySmartManualSample_PC/Content/LevelPrototyping/Textures/T_GridChecker_A.uexp" 1516
"C:/Users/USSER/Desktop/Smart_manual_demo/MySmartManualSample_PC/Content/LevelPrototyping/Materials/MF_ProcGrid.uasset" 1517
"C:/Users/USSER/Desktop/Smart_manual_demo/MySmartManualSample_PC/Content/LevelPrototyping/Materials/MF_ProcGrid.uexp" 1518
"C:/Users/USSER/Desktop/Smart_manual_demo/MySmartManualSample_PC/Content/LevelPrototyping/Materials/M_PrototypeGrid.uasset" 1519
"C:/Users/USSER/Desktop/Smart_manual_demo/MySmartManualSample_PC/Content/LevelPrototyping/Materials/M_PrototypeGrid.uexp" 1520
"C:/Users/USSER/Desktop/Smart_manual_demo/MySmartManualSample_PC/Content/LevelPrototyping/Materials/MI_PrototypeGrid_Gray.uasset" 1521
"C:/Users/USSER/Desktop/Smart_manual_demo/MySmartManualSample_PC/Content/LevelPrototyping/Materials/MI_PrototypeGrid_Gray.uexp" 1522
"C:/Users/USSER/Desktop/Smart_manual_demo/MySmartManualSample_PC/Content/LevelPrototyping/Meshes/SM_Cylinder.ubulk" 1523
"C:/Users/USSER/Desktop/Smart_manual_demo/MySmartManualSample_PC/Content/LevelPrototyping/Meshes/SM_Cylinder.uasset" 1524
"C:/Users/USSER/Desktop/Smart_manual_demo/MySmartManualSample_PC/Content/LevelPrototyping/Meshes/SM_Cylinder.uexp" 1525
"C:/Users/USSER/Desktop/Smart_manual_demo/MySmartManualSample_PC/Content/LevelPrototyping/Materials/MI_PrototypeGrid_Gray_02.uasset" 1526
"C:/Users/USSER/Desktop/Smart_manual_demo/MySmartManualSample_PC/Content/LevelPrototyping/Materials/MI_PrototypeGrid_Gray_02.uexp" 1527
"C:/Users/USSER/Desktop/Smart_manual_demo/MySmartManualSample_PC/Content/FPWeapon/Textures/T_Pistol_N.ubulk" 1528
"C:/Users/USSER/Desktop/Smart_manual_demo/MySmartManualSample_PC/Content/FPWeapon/Textures/T_Pistol_N.uasset" 1529
"C:/Users/USSER/Desktop/Smart_manual_demo/MySmartManualSample_PC/Content/FPWeapon/Textures/T_Pistol_N.uexp" 1530
"C:/Users/USSER/Desktop/Smart_manual_demo/MySmartManualSample_PC/Content/FPWeapon/Textures/T_Pistol_Masks.ubulk" 1531
"C:/Users/USSER/Desktop/Smart_manual_demo/MySmartManualSample_PC/Content/FPWeapon/Textures/T_Pistol_Masks.uasset" 1532
"C:/Users/USSER/Desktop/Smart_manual_demo/MySmartManualSample_PC/Content/FPWeapon/Textures/T_Pistol_Masks.uexp" 1533
"C:/Users/USSER/Desktop/Smart_manual_demo/MySmartManualSample_PC/Content/FPWeapon/Materials/M_FPPistol.uasset" 1534
"C:/Users/USSER/Desktop/Smart_manual_demo/MySmartManualSample_PC/Content/FPWeapon/Materials/M_FPPistol.uexp" 1535
"C:/Users/USSER/Desktop/Smart_manual_demo/MySmartManualSample_PC/Content/FPWeapon/Mesh/SM_Pistol.ubulk" 1536
"C:/Users/USSER/Desktop/Smart_manual_demo/MySmartManualSample_PC/Content/FPWeapon/Mesh/SM_Pistol.uasset" 1537
"C:/Users/USSER/Desktop/Smart_manual_demo/MySmartManualSample_PC/Content/FPWeapon/Mesh/SM_Pistol.uexp" 1538
"../../../Engine/Plugins/Interchange/Assets/Content/gltf/Textures/T_White_srgb.uasset" 1539
"../../../Engine/Plugins/Interchange/Assets/Content/gltf/Textures/T_White_srgb.uexp" 1540
"../../../Engine/Plugins/Interchange/Assets/Content/gltf/MaterialFunctions/MF_BaseColor.uasset" 1541
"../../../Engine/Plugins/Interchange/Assets/Content/gltf/MaterialFunctions/MF_BaseColor.uexp" 1542
"../../../Engine/Plugins/Interchange/Assets/Content/gltf/MaterialFunctions/MF_RotateV2.uasset" 1543
"../../../Engine/Plugins/Interchange/Assets/Content/gltf/MaterialFunctions/MF_RotateV2.uexp" 1544
"../../../Engine/Plugins/Interchange/Assets/Content/gltf/MaterialFunctions/MF_TransformUVs.uasset" 1545
"../../../Engine/Plugins/Interchange/Assets/Content/gltf/MaterialFunctions/MF_TransformUVs.uexp" 1546
"../../../Engine/Plugins/Interchange/Assets/Content/gltf/MaterialBodies/MF_Unlit_Body.uasset" 1547
"../../../Engine/Plugins/Interchange/Assets/Content/gltf/MaterialBodies/MF_Unlit_Body.uexp" 1548
"../../../Engine/Plugins/Interchange/Assets/Content/gltf/M_Unlit.uasset" 1549
"../../../Engine/Plugins/Interchange/Assets/Content/gltf/M_Unlit.uexp" 1550
"../../../Engine/Plugins/Interchange/Assets/Content/gltf/MaterialInstances/MI_Unlit_Opaque_DS.uasset" 1551
"../../../Engine/Plugins/Interchange/Assets/Content/gltf/MaterialInstances/MI_Unlit_Opaque_DS.uexp" 1552
"../../../Engine/Plugins/Interchange/Assets/Content/gltf/MaterialInstances/MI_Unlit_Opaque.uasset" 1553
"../../../Engine/Plugins/Interchange/Assets/Content/gltf/MaterialInstances/MI_Unlit_Opaque.uexp" 1554
"../../../Engine/Plugins/Interchange/Assets/Content/gltf/MaterialInstances/MI_Unlit_Mask_DS.uasset" 1555
"../../../Engine/Plugins/Interchange/Assets/Content/gltf/MaterialInstances/MI_Unlit_Mask_DS.uexp" 1556
"../../../Engine/Plugins/Interchange/Assets/Content/gltf/MaterialInstances/MI_Unlit_Mask.uasset" 1557
"../../../Engine/Plugins/Interchange/Assets/Content/gltf/MaterialInstances/MI_Unlit_Mask.uexp" 1558
"../../../Engine/Plugins/Interchange/Assets/Content/gltf/MaterialInstances/MI_Unlit_Blend_DS.uasset" 1559
"../../../Engine/Plugins/Interchange/Assets/Content/gltf/MaterialInstances/MI_Unlit_Blend_DS.uexp" 1560
"../../../Engine/Plugins/Interchange/Assets/Content/gltf/MaterialInstances/MI_Unlit_Blend.uasset" 1561
"../../../Engine/Plugins/Interchange/Assets/Content/gltf/MaterialInstances/MI_Unlit_Blend.uexp" 1562
"../../../Engine/Content/Functions/Engine_MaterialFunctions02/Math/Transform3x3Matrix.uasset" 1563
"../../../Engine/Content/Functions/Engine_MaterialFunctions02/Math/Transform3x3Matrix.uexp" 1564
"../../../Engine/Content/EngineMaterials/Good64x64TilingNoiseHighFreq.uasset" 1565
"../../../Engine/Content/EngineMaterials/Good64x64TilingNoiseHighFreq.uexp" 1566
"../../../Engine/Content/Functions/Engine_MaterialFunctions02/Texturing/ScreenAlignedPixelToPixelUVs.uasset" 1567
"../../../Engine/Content/Functions/Engine_MaterialFunctions02/Texturing/ScreenAlignedPixelToPixelUVs.uexp" 1568
"../../../Engine/Plugins/Interchange/Assets/Content/gltf/MaterialFunctions/MF_Temporal_Blur.uasset" 1569
"../../../Engine/Plugins/Interchange/Assets/Content/gltf/MaterialFunctions/MF_Temporal_Blur.uexp" 1570
"../../../Engine/Plugins/Interchange/Assets/Content/gltf/MaterialFunctions/MF_Specular.uasset" 1571
"../../../Engine/Plugins/Interchange/Assets/Content/gltf/MaterialFunctions/MF_Specular.uexp" 1572
"../../../Engine/Plugins/Interchange/Assets/Content/gltf/Textures/T_Anisotropy_Direction_Linear.uasset" 1573
"../../../Engine/Plugins/Interchange/Assets/Content/gltf/Textures/T_Anisotropy_Direction_Linear.uexp" 1574
"../../../Engine/Plugins/Interchange/Assets/Content/gltf/MaterialFunctions/MF_SpecularAnisotropy.uasset" 1575
"../../../Engine/Plugins/Interchange/Assets/Content/gltf/MaterialFunctions/MF_SpecularAnisotropy.uexp" 1576
"../../../Engine/Plugins/Interchange/Assets/Content/gltf/Textures/T_White_Linear.uasset" 1577
"../../../Engine/Plugins/Interchange/Assets/Content/gltf/Textures/T_White_Linear.uexp" 1578
"../../../Engine/Plugins/Interchange/Assets/Content/gltf/MaterialFunctions/MF_MetallicRoughness.uasset" 1579
"../../../Engine/Plugins/Interchange/Assets/Content/gltf/MaterialFunctions/MF_MetallicRoughness.uexp" 1580
"../../../Engine/Plugins/Interchange/Assets/Content/gltf/Textures/T_Generic_N.uasset" 1581
"../../../Engine/Plugins/Interchange/Assets/Content/gltf/Textures/T_Generic_N.uexp" 1582
"../../../Engine/Plugins/Interchange/Assets/Content/gltf/MaterialFunctions/MF_ScaleNormal.uasset" 1583
"../../../Engine/Plugins/Interchange/Assets/Content/gltf/MaterialFunctions/MF_ScaleNormal.uexp" 1584
"../../../Engine/Plugins/Interchange/Assets/Content/gltf/MaterialFunctions/MF_Fresnel_DS.uasset" 1585
"../../../Engine/Plugins/Interchange/Assets/Content/gltf/MaterialFunctions/MF_Fresnel_DS.uexp" 1586
"../../../Engine/Plugins/Interchange/Assets/Content/gltf/MaterialFunctions/MF_Iridescence.uasset" 1587
"../../../Engine/Plugins/Interchange/Assets/Content/gltf/MaterialFunctions/MF_Iridescence.uexp" 1588
"../../../Engine/Plugins/Interchange/Assets/Content/gltf/MaterialFunctions/MF_Occlusion.uasset" 1589
"../../../Engine/Plugins/Interchange/Assets/Content/gltf/MaterialFunctions/MF_Occlusion.uexp" 1590
"../../../Engine/Plugins/Interchange/Assets/Content/gltf/MaterialFunctions/MF_IOR.uasset" 1591
"../../../Engine/Plugins/Interchange/Assets/Content/gltf/MaterialFunctions/MF_IOR.uexp" 1592
"../../../Engine/Plugins/Interchange/Assets/Content/gltf/MaterialFunctions/MF_Transmission.uasset" 1593
"../../../Engine/Plugins/Interchange/Assets/Content/gltf/MaterialFunctions/MF_Transmission.uexp" 1594
"../../../Engine/Plugins/Interchange/Assets/Content/gltf/MaterialFunctions/MF_RotateNormals_TS.uasset" 1595
"../../../Engine/Plugins/Interchange/Assets/Content/gltf/MaterialFunctions/MF_RotateNormals_TS.uexp" 1596
"../../../Engine/Plugins/Interchange/Assets/Content/gltf/MaterialFunctions/MF_Normals.uasset" 1597
"../../../Engine/Plugins/Interchange/Assets/Content/gltf/MaterialFunctions/MF_Normals.uexp" 1598
"../../../Engine/Plugins/Interchange/Assets/Content/gltf/MaterialBodies/MF_Transmission_Body.uasset" 1599
"../../../Engine/Plugins/Interchange/Assets/Content/gltf/MaterialBodies/MF_Transmission_Body.uexp" 1600
"../../../Engine/Plugins/Interchange/Assets/Content/gltf/M_Transmission.uasset" 1601
"../../../Engine/Plugins/Interchange/Assets/Content/gltf/M_Transmission.uexp" 1602
"../../../Engine/Plugins/Interchange/Assets/Content/gltf/MaterialInstances/MI_Transmission_DS.uasset" 1603
"../../../Engine/Plugins/Interchange/Assets/Content/gltf/MaterialInstances/MI_Transmission_DS.uexp" 1604
"../../../Engine/Plugins/Interchange/Assets/Content/gltf/MaterialInstances/MI_Transmission.uasset" 1605
"../../../Engine/Plugins/Interchange/Assets/Content/gltf/MaterialInstances/MI_Transmission.uexp" 1606
"../../../Engine/Content/Functions/Engine_MaterialFunctions02/Math/AddComponents.uasset" 1607
"../../../Engine/Content/Functions/Engine_MaterialFunctions02/Math/AddComponents.uexp" 1608
"../../../Engine/Plugins/Interchange/Assets/Content/gltf/MaterialFunctions/MF_DiffuseSpecGloss.uasset" 1609
"../../../Engine/Plugins/Interchange/Assets/Content/gltf/MaterialFunctions/MF_DiffuseSpecGloss.uexp" 1610
"../../../Engine/Plugins/Interchange/Assets/Content/gltf/MaterialFunctions/MF_Emissive.uasset" 1611
"../../../Engine/Plugins/Interchange/Assets/Content/gltf/MaterialFunctions/MF_Emissive.uexp" 1612
"../../../Engine/Plugins/Interchange/Assets/Content/gltf/MaterialFunctions/MF_PerceivedBrightness.uasset" 1613
"../../../Engine/Plugins/Interchange/Assets/Content/gltf/MaterialFunctions/MF_PerceivedBrightness.uexp" 1614
"../../../Engine/Plugins/Interchange/Assets/Content/gltf/MaterialFunctions/MF_SpecGlossToMetalRoughness.uasset" 1615
"../../../Engine/Plugins/Interchange/Assets/Content/gltf/MaterialFunctions/MF_SpecGlossToMetalRoughness.uexp" 1616
"../../../Engine/Plugins/Interchange/Assets/Content/gltf/MaterialFunctions/MF_MaxComponentValue.uasset" 1617
"../../../Engine/Plugins/Interchange/Assets/Content/gltf/MaterialFunctions/MF_MaxComponentValue.uexp" 1618
"../../../Engine/Plugins/Interchange/Assets/Content/gltf/MaterialBodies/MF_SpecularGlossiness_Body.uasset" 1619
"../../../Engine/Plugins/Interchange/Assets/Content/gltf/MaterialBodies/MF_SpecularGlossiness_Body.uexp" 1620
"../../../Engine/Plugins/Interchange/Assets/Content/gltf/M_SpecularGlossiness.uasset" 1621
"../../../Engine/Plugins/Interchange/Assets/Content/gltf/M_SpecularGlossiness.uexp" 1622
"../../../Engine/Plugins/Interchange/Assets/Content/gltf/MaterialInstances/MI_SpecularGlossiness_Opaque_DS.uasset" 1623
"../../../Engine/Plugins/Interchange/Assets/Content/gltf/MaterialInstances/MI_SpecularGlossiness_Opaque_DS.uexp" 1624
"../../../Engine/Plugins/Interchange/Assets/Content/gltf/MaterialInstances/MI_SpecularGlossiness_Opaque.uasset" 1625
"../../../Engine/Plugins/Interchange/Assets/Content/gltf/MaterialInstances/MI_SpecularGlossiness_Opaque.uexp" 1626
"../../../Engine/Plugins/Interchange/Assets/Content/gltf/MaterialInstances/MI_SpecularGlossiness_Mask_DS.uasset" 1627
"../../../Engine/Plugins/Interchange/Assets/Content/gltf/MaterialInstances/MI_SpecularGlossiness_Mask_DS.uexp" 1628
"../../../Engine/Plugins/Interchange/Assets/Content/gltf/MaterialInstances/MI_SpecularGlossiness_Mask.uasset" 1629
"../../../Engine/Plugins/Interchange/Assets/Content/gltf/MaterialInstances/MI_SpecularGlossiness_Mask.uexp" 1630
"../../../Engine/Plugins/Interchange/Assets/Content/gltf/MaterialInstances/MI_SpecularGlossiness_Blend_DS.uasset" 1631
"../../../Engine/Plugins/Interchange/Assets/Content/gltf/MaterialInstances/MI_SpecularGlossiness_Blend_DS.uexp" 1632
"../../../Engine/Plugins/Interchange/Assets/Content/gltf/MaterialInstances/MI_SpecularGlossiness_Blend.uasset" 1633
"../../../Engine/Plugins/Interchange/Assets/Content/gltf/MaterialInstances/MI_SpecularGlossiness_Blend.uexp" 1634
"../../../Engine/Plugins/Interchange/Assets/Content/gltf/MaterialFunctions/MF_Sheen.uasset" 1635
"../../../Engine/Plugins/Interchange/Assets/Content/gltf/MaterialFunctions/MF_Sheen.uexp" 1636
"../../../Engine/Plugins/Interchange/Assets/Content/gltf/MaterialBodies/MF_Sheen_Body.uasset" 1637
"../../../Engine/Plugins/Interchange/Assets/Content/gltf/MaterialBodies/MF_Sheen_Body.uexp" 1638
"../../../Engine/Plugins/Interchange/Assets/Content/gltf/M_Sheen.uasset" 1639
"../../../Engine/Plugins/Interchange/Assets/Content/gltf/M_Sheen.uexp" 1640
"../../../Engine/Plugins/Interchange/Assets/Content/gltf/MaterialInstances/MI_Sheen_Opaque_DS.uasset" 1641
"../../../Engine/Plugins/Interchange/Assets/Content/gltf/MaterialInstances/MI_Sheen_Opaque_DS.uexp" 1642
"../../../Engine/Plugins/Interchange/Assets/Content/gltf/MaterialInstances/MI_Sheen_Opaque.uasset" 1643
"../../../Engine/Plugins/Interchange/Assets/Content/gltf/MaterialInstances/MI_Sheen_Opaque.uexp" 1644
"../../../Engine/Plugins/Interchange/Assets/Content/gltf/MaterialInstances/MI_Sheen_Mask_DS.uasset" 1645
"../../../Engine/Plugins/Interchange/Assets/Content/gltf/MaterialInstances/MI_Sheen_Mask_DS.uexp" 1646
"../../../Engine/Plugins/Interchange/Assets/Content/gltf/MaterialInstances/MI_Sheen_Mask.uasset" 1647
"../../../Engine/Plugins/Interchange/Assets/Content/gltf/MaterialInstances/MI_Sheen_Mask.uexp" 1648
"../../../Engine/Plugins/Interchange/Assets/Content/gltf/MaterialInstances/MI_Sheen_Blend_DS.uasset" 1649
"../../../Engine/Plugins/Interchange/Assets/Content/gltf/MaterialInstances/MI_Sheen_Blend_DS.uexp" 1650
"../../../Engine/Plugins/Interchange/Assets/Content/gltf/MaterialInstances/MI_Sheen_Blend.uasset" 1651
"../../../Engine/Plugins/Interchange/Assets/Content/gltf/MaterialInstances/MI_Sheen_Blend.uexp" 1652
"../../../Engine/Plugins/Interchange/Assets/Content/gltf/MaterialBodies/MF_Default_Body.uasset" 1653
"../../../Engine/Plugins/Interchange/Assets/Content/gltf/MaterialBodies/MF_Default_Body.uexp" 1654
"../../../Engine/Plugins/Interchange/Assets/Content/gltf/M_Default.uasset" 1655
"../../../Engine/Plugins/Interchange/Assets/Content/gltf/M_Default.uexp" 1656
"../../../Engine/Plugins/Interchange/Assets/Content/gltf/MaterialInstances/MI_Default_Opaque_DS.uasset" 1657
"../../../Engine/Plugins/Interchange/Assets/Content/gltf/MaterialInstances/MI_Default_Opaque_DS.uexp" 1658
"../../../Engine/Plugins/Interchange/Assets/Content/gltf/MaterialInstances/MI_Default_Opaque.uasset" 1659
"../../../Engine/Plugins/Interchange/Assets/Content/gltf/MaterialInstances/MI_Default_Opaque.uexp" 1660
"../../../Engine/Plugins/Interchange/Assets/Content/gltf/MaterialInstances/MI_Default_Mask_DS.uasset" 1661
"../../../Engine/Plugins/Interchange/Assets/Content/gltf/MaterialInstances/MI_Default_Mask_DS.uexp" 1662
"../../../Engine/Plugins/Interchange/Assets/Content/gltf/MaterialInstances/MI_Default_Mask.uasset" 1663
"../../../Engine/Plugins/Interchange/Assets/Content/gltf/MaterialInstances/MI_Default_Mask.uexp" 1664
"../../../Engine/Plugins/Interchange/Assets/Content/gltf/MaterialInstances/MI_Default_Blend_DS.uasset" 1665
"../../../Engine/Plugins/Interchange/Assets/Content/gltf/MaterialInstances/MI_Default_Blend_DS.uexp" 1666
"../../../Engine/Plugins/Interchange/Assets/Content/gltf/MaterialInstances/MI_Default_Blend.uasset" 1667
"../../../Engine/Plugins/Interchange/Assets/Content/gltf/MaterialInstances/MI_Default_Blend.uexp" 1668
"../../../Engine/Content/Functions/Engine_MaterialFunctions01/Texturing/FlattenNormal.uasset" 1669
"../../../Engine/Content/Functions/Engine_MaterialFunctions01/Texturing/FlattenNormal.uexp" 1670
"../../../Engine/Plugins/Interchange/Assets/Content/gltf/MaterialFunctions/MF_Clearcoat.uasset" 1671
"../../../Engine/Plugins/Interchange/Assets/Content/gltf/MaterialFunctions/MF_Clearcoat.uexp" 1672
"../../../Engine/Plugins/Interchange/Assets/Content/gltf/MaterialBodies/MF_ClearCoat_Body.uasset" 1673
"../../../Engine/Plugins/Interchange/Assets/Content/gltf/MaterialBodies/MF_ClearCoat_Body.uexp" 1674
"../../../Engine/Plugins/Interchange/Assets/Content/gltf/M_ClearCoat.uasset" 1675
"../../../Engine/Plugins/Interchange/Assets/Content/gltf/M_ClearCoat.uexp" 1676
"../../../Engine/Plugins/Interchange/Assets/Content/gltf/MaterialInstances/MI_ClearCoat_Opaque_DS.uasset" 1677
"../../../Engine/Plugins/Interchange/Assets/Content/gltf/MaterialInstances/MI_ClearCoat_Opaque_DS.uexp" 1678
"../../../Engine/Plugins/Interchange/Assets/Content/gltf/MaterialInstances/MI_ClearCoat_Opaque.uasset" 1679
"../../../Engine/Plugins/Interchange/Assets/Content/gltf/MaterialInstances/MI_ClearCoat_Opaque.uexp" 1680
"../../../Engine/Plugins/Interchange/Assets/Content/gltf/MaterialInstances/MI_ClearCoat_Mask_DS.uasset" 1681
"../../../Engine/Plugins/Interchange/Assets/Content/gltf/MaterialInstances/MI_ClearCoat_Mask_DS.uexp" 1682
"../../../Engine/Plugins/Interchange/Assets/Content/gltf/MaterialInstances/MI_ClearCoat_Mask.uasset" 1683
"../../../Engine/Plugins/Interchange/Assets/Content/gltf/MaterialInstances/MI_ClearCoat_Mask.uexp" 1684
"../../../Engine/Plugins/Interchange/Assets/Content/gltf/MaterialInstances/MI_ClearCoat_Blend_DS.uasset" 1685
"../../../Engine/Plugins/Interchange/Assets/Content/gltf/MaterialInstances/MI_ClearCoat_Blend_DS.uexp" 1686
"../../../Engine/Plugins/Interchange/Assets/Content/gltf/MaterialInstances/MI_ClearCoat_Blend.uasset" 1687
"../../../Engine/Plugins/Interchange/Assets/Content/gltf/MaterialInstances/MI_ClearCoat_Blend.uexp" 1688
"../../../Engine/Content/VREditor/TransformGizmo/Main.uasset" 1689
"../../../Engine/Content/VREditor/TransformGizmo/Main.uexp" 1690
"../../../Engine/Content/VREditor/TransformGizmo/SM_Sequencer_Node.ubulk" 1691
"../../../Engine/Content/VREditor/TransformGizmo/SM_Sequencer_Node.uasset" 1692
"../../../Engine/Content/VREditor/TransformGizmo/SM_Sequencer_Node.uexp" 1693
"../../../Engine/Content/VREditor/LaserPointer/VR_LaserPower_01.ubulk" 1694
"../../../Engine/Content/VREditor/LaserPointer/VR_LaserPower_01.uasset" 1695
"../../../Engine/Content/VREditor/LaserPointer/VR_LaserPower_01.uexp" 1696
"../../../Engine/Content/VREditor/TransformGizmo/TransformGizmoMaterial.uasset" 1697
"../../../Engine/Content/VREditor/TransformGizmo/TransformGizmoMaterial.uexp" 1698
"../../../Engine/Content/VREditor/TransformGizmo/TranslucentTransformGizmoMaterial.uasset" 1699
"../../../Engine/Content/VREditor/TransformGizmo/TranslucentTransformGizmoMaterial.uexp" 1700
"../../../Engine/Content/VREditor/TransformGizmo/BoundingBoxEdge.ubulk" 1701
"../../../Engine/Content/VREditor/TransformGizmo/BoundingBoxEdge.uasset" 1702
"../../../Engine/Content/VREditor/TransformGizmo/BoundingBoxEdge.uexp" 1703
"../../../Engine/Content/VREditor/TransformGizmo/BoundingBoxCorner.ubulk" 1704
"../../../Engine/Content/VREditor/TransformGizmo/BoundingBoxCorner.uasset" 1705
"../../../Engine/Content/VREditor/TransformGizmo/BoundingBoxCorner.uexp" 1706
"../../../Engine/Content/EngineSky/VolumetricClouds/T_CloudMask.ubulk" 1707
"../../../Engine/Content/EngineSky/VolumetricClouds/T_CloudMask.uasset" 1708
"../../../Engine/Content/EngineSky/VolumetricClouds/T_CloudMask.uexp" 1709
"../../../Engine/Content/EngineSky/VolumetricClouds/VT_Lightning.uasset" 1710
"../../../Engine/Content/EngineSky/VolumetricClouds/VT_Lightning.uexp" 1711
"../../../Engine/Content/EngineSky/VolumetricClouds/T_Profile_08.ubulk" 1712
"../../../Engine/Content/EngineSky/VolumetricClouds/T_Profile_08.uasset" 1713
"../../../Engine/Content/EngineSky/VolumetricClouds/T_Profile_08.uexp" 1714
"../../../Engine/Content/Functions/Engine_MaterialFunctions02/Utility/MakeFloat4.uasset" 1715
"../../../Engine/Content/Functions/Engine_MaterialFunctions02/Utility/MakeFloat4.uexp" 1716
"../../../Engine/Content/Functions/Engine_MaterialFunctions01/Units/Km-to-Cm.uasset" 1717
"../../../Engine/Content/Functions/Engine_MaterialFunctions01/Units/Km-to-Cm.uexp" 1718
"../../../Engine/Content/Functions/Engine_MaterialFunctions02/Utility/BreakOutFloat4Components.uasset" 1719
"../../../Engine/Content/Functions/Engine_MaterialFunctions02/Utility/BreakOutFloat4Components.uexp" 1720
"../../../Engine/Content/EngineSky/VolumetricClouds/T_CloudPattern.ubulk" 1721
"../../../Engine/Content/EngineSky/VolumetricClouds/T_CloudPattern.uasset" 1722
"../../../Engine/Content/EngineSky/VolumetricClouds/T_CloudPattern.uexp" 1723
"../../../Engine/Content/EngineSky/VolumetricClouds/VT_PerlinWorley_Balanced.uasset" 1724
"../../../Engine/Content/EngineSky/VolumetricClouds/VT_PerlinWorley_Balanced.uexp" 1725
"../../../Engine/Content/EngineSky/VolumetricClouds/m_SimpleVolumetricCloud.uasset" 1726
"../../../Engine/Content/EngineSky/VolumetricClouds/m_SimpleVolumetricCloud.uexp" 1727
"../../../Engine/Content/EngineSky/VolumetricClouds/m_SimpleVolumetricCloud_Inst.uasset" 1728
"../../../Engine/Content/EngineSky/VolumetricClouds/m_SimpleVolumetricCloud_Inst.uexp" 1729
"../../../Engine/Content/EditorMaterials/Camera/CineMat.uasset" 1730
"../../../Engine/Content/EditorMaterials/Camera/CineMat.uexp" 1731
"../../../Engine/Content/EditorMaterials/Camera/MI_CineMat_Rig.uasset" 1732
"../../../Engine/Content/EditorMaterials/Camera/MI_CineMat_Rig.uexp" 1733
"../../../Engine/Content/EditorMeshes/Camera/SM_RailRig_Track.ubulk" 1734
"../../../Engine/Content/EditorMeshes/Camera/SM_RailRig_Track.uasset" 1735
"../../../Engine/Content/EditorMeshes/Camera/SM_RailRig_Track.uexp" 1736
"../../../Engine/Content/EditorMeshes/Camera/SM_RailRig_Mount.ubulk" 1737
"../../../Engine/Content/EditorMeshes/Camera/SM_RailRig_Mount.uasset" 1738
"../../../Engine/Content/EditorMeshes/Camera/SM_RailRig_Mount.uexp" 1739
"../../../Engine/Content/EditorMeshes/Camera/SM_CraneRig_Mount.ubulk" 1740
"../../../Engine/Content/EditorMeshes/Camera/SM_CraneRig_Mount.uasset" 1741
"../../../Engine/Content/EditorMeshes/Camera/SM_CraneRig_Mount.uexp" 1742
"../../../Engine/Content/EditorMeshes/Camera/SM_CraneRig_Body.ubulk" 1743
"../../../Engine/Content/EditorMeshes/Camera/SM_CraneRig_Body.uasset" 1744
"../../../Engine/Content/EditorMeshes/Camera/SM_CraneRig_Body.uexp" 1745
"../../../Engine/Content/EditorMeshes/Camera/SM_CraneRig_Base.ubulk" 1746
"../../../Engine/Content/EditorMeshes/Camera/SM_CraneRig_Base.uasset" 1747
"../../../Engine/Content/EditorMeshes/Camera/SM_CraneRig_Base.uexp" 1748
"../../../Engine/Content/EditorMeshes/Camera/SM_CraneRig_Arm.ubulk" 1749
"../../../Engine/Content/EditorMeshes/Camera/SM_CraneRig_Arm.uasset" 1750
"../../../Engine/Content/EditorMeshes/Camera/SM_CraneRig_Arm.uexp" 1751
"../../../Engine/Content/EditorMaterials/Dataflow/DataflowVertexMaterial.uasset" 1752
"../../../Engine/Content/EditorMaterials/Dataflow/DataflowVertexMaterial.uexp" 1753
"../../../Engine/Content/EditorMaterials/Dataflow/DataflowTwoSidedVertexMaterial.uasset" 1754
"../../../Engine/Content/EditorMaterials/Dataflow/DataflowTwoSidedVertexMaterial.uexp" 1755
"../../../Engine/Content/Functions/Engine_MaterialFunctions01/Shading/PowerToRoughness.uasset" 1756
"../../../Engine/Content/Functions/Engine_MaterialFunctions01/Shading/PowerToRoughness.uexp" 1757
"../../../Engine/Content/Functions/Engine_MaterialFunctions01/Shading/ConvertFromDiffSpec.uasset" 1758
"../../../Engine/Content/Functions/Engine_MaterialFunctions01/Shading/ConvertFromDiffSpec.uexp" 1759
"../../../Engine/Content/EngineMaterials/Substrate/Volume/SubstrateSimpleVolumeLUT3D.uasset" 1760
"../../../Engine/Content/EngineMaterials/Substrate/Volume/SubstrateSimpleVolumeLUT3D.uexp" 1761
"../../../Engine/Content/EngineMaterials/Substrate/Volume/SubstrateSimpleVolumeEnvLUT3D.uasset" 1762
"../../../Engine/Content/EngineMaterials/Substrate/Volume/SubstrateSimpleVolumeEnvLUT3D.uexp" 1763
"C:/Users/USSER/Desktop/Smart_manual_demo/MySmartManualSample_PC/Content/DankestThings_EnviroSense/EnviroSense/Resource/Materials/M_Grey.uasset" 1764
"C:/Users/USSER/Desktop/Smart_manual_demo/MySmartManualSample_PC/Content/DankestThings_EnviroSense/EnviroSense/Resource/Materials/M_Grey.uexp" 1765
"C:/Users/USSER/Desktop/Smart_manual_demo/MySmartManualSample_PC/Content/DankestThings_EnviroSense/EnviroSense/Resource/Meshes/SM_RightHand.ubulk" 1766
"C:/Users/USSER/Desktop/Smart_manual_demo/MySmartManualSample_PC/Content/DankestThings_EnviroSense/EnviroSense/Resource/Meshes/SM_RightHand.uasset" 1767
"C:/Users/USSER/Desktop/Smart_manual_demo/MySmartManualSample_PC/Content/DankestThings_EnviroSense/EnviroSense/Resource/Meshes/SM_RightHand.uexp" 1768
"C:/Users/USSER/Desktop/Smart_manual_demo/MySmartManualSample_PC/Content/DankestThings_EnviroSense/EnviroSense/Resource/Meshes/SM_LeftHandSensor.ubulk" 1769
"C:/Users/USSER/Desktop/Smart_manual_demo/MySmartManualSample_PC/Content/DankestThings_EnviroSense/EnviroSense/Resource/Meshes/SM_LeftHandSensor.uasset" 1770
"C:/Users/USSER/Desktop/Smart_manual_demo/MySmartManualSample_PC/Content/DankestThings_EnviroSense/EnviroSense/Resource/Meshes/SM_LeftHandSensor.uexp" 1771
"C:/Users/USSER/Desktop/Smart_manual_demo/MySmartManualSample_PC/Content/DankestThings_EnviroSense/EnviroSense/Resource/Meshes/SM_LeftHand.ubulk" 1772
"C:/Users/USSER/Desktop/Smart_manual_demo/MySmartManualSample_PC/Content/DankestThings_EnviroSense/EnviroSense/Resource/Meshes/SM_LeftHand.uasset" 1773
"C:/Users/USSER/Desktop/Smart_manual_demo/MySmartManualSample_PC/Content/DankestThings_EnviroSense/EnviroSense/Resource/Meshes/SM_LeftHand.uexp" 1774
"C:/Users/USSER/Desktop/Smart_manual_demo/MySmartManualSample_PC/Content/DankestThings_EnviroSense/EnviroSense/Resource/Meshes/SM_HandZone_Right_Narrow.ubulk" 1775
"C:/Users/USSER/Desktop/Smart_manual_demo/MySmartManualSample_PC/Content/DankestThings_EnviroSense/EnviroSense/Resource/Meshes/SM_HandZone_Right_Narrow.uasset" 1776
"C:/Users/USSER/Desktop/Smart_manual_demo/MySmartManualSample_PC/Content/DankestThings_EnviroSense/EnviroSense/Resource/Meshes/SM_HandZone_Right_Narrow.uexp" 1777
"C:/Users/USSER/Desktop/Smart_manual_demo/MySmartManualSample_PC/Content/DankestThings_EnviroSense/EnviroSense/Resource/Meshes/SM_HandZone_Right.ubulk" 1778
"C:/Users/USSER/Desktop/Smart_manual_demo/MySmartManualSample_PC/Content/DankestThings_EnviroSense/EnviroSense/Resource/Meshes/SM_HandZone_Right.uasset" 1779
"C:/Users/USSER/Desktop/Smart_manual_demo/MySmartManualSample_PC/Content/DankestThings_EnviroSense/EnviroSense/Resource/Meshes/SM_HandZone_Right.uexp" 1780
"C:/Users/USSER/Desktop/Smart_manual_demo/MySmartManualSample_PC/Content/DankestThings_EnviroSense/EnviroSense/Resource/Meshes/SM_HandZone_Left_Narrow.ubulk" 1781
"C:/Users/USSER/Desktop/Smart_manual_demo/MySmartManualSample_PC/Content/DankestThings_EnviroSense/EnviroSense/Resource/Meshes/SM_HandZone_Left_Narrow.uasset" 1782
"C:/Users/USSER/Desktop/Smart_manual_demo/MySmartManualSample_PC/Content/DankestThings_EnviroSense/EnviroSense/Resource/Meshes/SM_HandZone_Left_Narrow.uexp" 1783
"C:/Users/USSER/Desktop/Smart_manual_demo/MySmartManualSample_PC/Content/DankestThings_EnviroSense/EnviroSense/Resource/Meshes/SM_HandZone_Left.ubulk" 1784
"C:/Users/USSER/Desktop/Smart_manual_demo/MySmartManualSample_PC/Content/DankestThings_EnviroSense/EnviroSense/Resource/Meshes/SM_HandZone_Left.uasset" 1785
"C:/Users/USSER/Desktop/Smart_manual_demo/MySmartManualSample_PC/Content/DankestThings_EnviroSense/EnviroSense/Resource/Meshes/SM_HandZone_Left.uexp" 1786
"C:/Users/USSER/Desktop/Smart_manual_demo/MySmartManualSample_PC/Content/DankestThings_EnviroSense/EnviroSense/Resource/Meshes/EnviroSenseCapsuleRight45.ubulk" 1787
"C:/Users/USSER/Desktop/Smart_manual_demo/MySmartManualSample_PC/Content/DankestThings_EnviroSense/EnviroSense/Resource/Meshes/EnviroSenseCapsuleRight45.uasset" 1788
"C:/Users/USSER/Desktop/Smart_manual_demo/MySmartManualSample_PC/Content/DankestThings_EnviroSense/EnviroSense/Resource/Meshes/EnviroSenseCapsuleRight45.uexp" 1789
"C:/Users/USSER/Desktop/Smart_manual_demo/MySmartManualSample_PC/Content/DankestThings_EnviroSense/EnviroSense/Resource/Meshes/EnviroSenseCapsuleRight33_75.ubulk" 1790
"C:/Users/USSER/Desktop/Smart_manual_demo/MySmartManualSample_PC/Content/DankestThings_EnviroSense/EnviroSense/Resource/Meshes/EnviroSenseCapsuleRight33_75.uasset" 1791
"C:/Users/USSER/Desktop/Smart_manual_demo/MySmartManualSample_PC/Content/DankestThings_EnviroSense/EnviroSense/Resource/Meshes/EnviroSenseCapsuleRight33_75.uexp" 1792
"C:/Users/USSER/Desktop/Smart_manual_demo/MySmartManualSample_PC/Content/DankestThings_EnviroSense/EnviroSense/Resource/Meshes/EnviroSenseCapsuleRight22_5.ubulk" 1793
"C:/Users/USSER/Desktop/Smart_manual_demo/MySmartManualSample_PC/Content/DankestThings_EnviroSense/EnviroSense/Resource/Meshes/EnviroSenseCapsuleRight22_5.uasset" 1794
"C:/Users/USSER/Desktop/Smart_manual_demo/MySmartManualSample_PC/Content/DankestThings_EnviroSense/EnviroSense/Resource/Meshes/EnviroSenseCapsuleRight22_5.uexp" 1795
"C:/Users/USSER/Desktop/Smart_manual_demo/MySmartManualSample_PC/Content/DankestThings_EnviroSense/EnviroSense/Resource/Meshes/EnviroSenseCapsuleLeft45.ubulk" 1796
"C:/Users/USSER/Desktop/Smart_manual_demo/MySmartManualSample_PC/Content/DankestThings_EnviroSense/EnviroSense/Resource/Meshes/EnviroSenseCapsuleLeft45.uasset" 1797
"C:/Users/USSER/Desktop/Smart_manual_demo/MySmartManualSample_PC/Content/DankestThings_EnviroSense/EnviroSense/Resource/Meshes/EnviroSenseCapsuleLeft45.uexp" 1798
"C:/Users/USSER/Desktop/Smart_manual_demo/MySmartManualSample_PC/Content/DankestThings_EnviroSense/EnviroSense/Resource/Meshes/EnviroSenseCapsuleLeft33_75.ubulk" 1799
"C:/Users/USSER/Desktop/Smart_manual_demo/MySmartManualSample_PC/Content/DankestThings_EnviroSense/EnviroSense/Resource/Meshes/EnviroSenseCapsuleLeft33_75.uasset" 1800
"C:/Users/USSER/Desktop/Smart_manual_demo/MySmartManualSample_PC/Content/DankestThings_EnviroSense/EnviroSense/Resource/Meshes/EnviroSenseCapsuleLeft33_75.uexp" 1801
"C:/Users/USSER/Desktop/Smart_manual_demo/MySmartManualSample_PC/Content/DankestThings_EnviroSense/EnviroSense/Resource/Meshes/EnviroSenseCapsuleLeft22_5.ubulk" 1802
"C:/Users/USSER/Desktop/Smart_manual_demo/MySmartManualSample_PC/Content/DankestThings_EnviroSense/EnviroSense/Resource/Meshes/EnviroSenseCapsuleLeft22_5.uasset" 1803
"C:/Users/USSER/Desktop/Smart_manual_demo/MySmartManualSample_PC/Content/DankestThings_EnviroSense/EnviroSense/Resource/Meshes/EnviroSenseCapsuleLeft22_5.uexp" 1804
"C:/Users/USSER/Desktop/Smart_manual_demo/MySmartManualSample_PC/Content/DankestThings_EnviroSense/Demo/LevelPrototyping/Meshes/SM_Ramp.ubulk" 1805
"C:/Users/USSER/Desktop/Smart_manual_demo/MySmartManualSample_PC/Content/DankestThings_EnviroSense/Demo/LevelPrototyping/Meshes/SM_Ramp.uasset" 1806
"C:/Users/USSER/Desktop/Smart_manual_demo/MySmartManualSample_PC/Content/DankestThings_EnviroSense/Demo/LevelPrototyping/Meshes/SM_Ramp.uexp" 1807
"C:/Users/USSER/Desktop/Smart_manual_demo/MySmartManualSample_PC/Content/DankestThings_EnviroSense/Demo/LevelPrototyping/Meshes/SM_Cylinder.ubulk" 1808
"C:/Users/USSER/Desktop/Smart_manual_demo/MySmartManualSample_PC/Content/DankestThings_EnviroSense/Demo/LevelPrototyping/Meshes/SM_Cylinder.uasset" 1809
"C:/Users/USSER/Desktop/Smart_manual_demo/MySmartManualSample_PC/Content/DankestThings_EnviroSense/Demo/LevelPrototyping/Meshes/SM_Cylinder.uexp" 1810
"C:/Users/USSER/Desktop/Smart_manual_demo/MySmartManualSample_PC/Content/DankestThings_EnviroSense/Demo/LevelPrototyping/Materials/M_Solid.uasset" 1811
"C:/Users/USSER/Desktop/Smart_manual_demo/MySmartManualSample_PC/Content/DankestThings_EnviroSense/Demo/LevelPrototyping/Materials/M_Solid.uexp" 1812
"C:/Users/USSER/Desktop/Smart_manual_demo/MySmartManualSample_PC/Content/DankestThings_EnviroSense/Demo/LevelPrototyping/Materials/MI_Solid_Blue.uasset" 1813
"C:/Users/USSER/Desktop/Smart_manual_demo/MySmartManualSample_PC/Content/DankestThings_EnviroSense/Demo/LevelPrototyping/Materials/MI_Solid_Blue.uexp" 1814
"C:/Users/USSER/Desktop/Smart_manual_demo/MySmartManualSample_PC/Content/DankestThings_EnviroSense/Demo/LevelPrototyping/Meshes/SM_ChamferCube.ubulk" 1815
"C:/Users/USSER/Desktop/Smart_manual_demo/MySmartManualSample_PC/Content/DankestThings_EnviroSense/Demo/LevelPrototyping/Meshes/SM_ChamferCube.uasset" 1816
"C:/Users/USSER/Desktop/Smart_manual_demo/MySmartManualSample_PC/Content/DankestThings_EnviroSense/Demo/LevelPrototyping/Meshes/SM_ChamferCube.uexp" 1817
"C:/Users/USSER/Desktop/Smart_manual_demo/MySmartManualSample_PC/Content/DankestThings_EnviroSense/Demo/LevelPrototyping/Materials/MI_PrototypeGrid_Gray_02.uasset" 1818
"C:/Users/USSER/Desktop/Smart_manual_demo/MySmartManualSample_PC/Content/DankestThings_EnviroSense/Demo/LevelPrototyping/Materials/MI_PrototypeGrid_Gray_02.uexp" 1819
"../../../Engine/Content/EngineMaterials/Substrate/GLints2/AGlintTex2dArray2.uasset" 1820
"../../../Engine/Content/EngineMaterials/Substrate/GLints2/AGlintTex2dArray2.uexp" 1821
"../../../Engine/Content/EngineMaterials/Substrate/GLints/AGlintTex2dArray.uasset" 1822
"../../../Engine/Content/EngineMaterials/Substrate/GLints/AGlintTex2dArray.uexp" 1823
"../../../Engine/Content/ArtTools/RenderToTexture/Meshes/S_1_Unit_Plane.ubulk" 1824
"../../../Engine/Content/ArtTools/RenderToTexture/Meshes/S_1_Unit_Plane.uasset" 1825
"../../../Engine/Content/ArtTools/RenderToTexture/Meshes/S_1_Unit_Plane.uexp" 1826
"C:/Users/USSER/Desktop/Smart_manual_demo/MySmartManualSample_PC/Content/DankestThings_EnviroSense/EnviroSense/AnimationBlueprints/Experimental/ABP/ABP_DT_HandIK_Right_ProcShoulder.uasset" 1827
"C:/Users/USSER/Desktop/Smart_manual_demo/MySmartManualSample_PC/Content/DankestThings_EnviroSense/EnviroSense/AnimationBlueprints/Experimental/ABP/ABP_DT_HandIK_Right_ProcShoulder.uexp" 1828
"C:/Users/USSER/Desktop/Smart_manual_demo/MySmartManualSample_PC/Content/DankestThings_EnviroSense/EnviroSense/AnimationBlueprints/Experimental/ABP/ABP_DT_HandIK_Left_ProcShoulder.uasset" 1829
"C:/Users/USSER/Desktop/Smart_manual_demo/MySmartManualSample_PC/Content/DankestThings_EnviroSense/EnviroSense/AnimationBlueprints/Experimental/ABP/ABP_DT_HandIK_Left_ProcShoulder.uexp" 1830
"C:/Users/USSER/Desktop/Smart_manual_demo/MySmartManualSample_PC/Content/DankestThings_EnviroSense/Demo/Characters/Mannequins/Animations/Manny/MM_T_Pose.uasset" 1831
"C:/Users/USSER/Desktop/Smart_manual_demo/MySmartManualSample_PC/Content/DankestThings_EnviroSense/Demo/Characters/Mannequins/Animations/Manny/MM_T_Pose.m.ubulk" 1832
"C:/Users/USSER/Desktop/Smart_manual_demo/MySmartManualSample_PC/Content/DankestThings_EnviroSense/Demo/Characters/Mannequins/Animations/Manny/MM_T_Pose.uexp" 1833
"C:/Users/USSER/Desktop/Smart_manual_demo/MySmartManualSample_PC/Content/Input/IA_Shoot.uasset" 1834
"C:/Users/USSER/Desktop/Smart_manual_demo/MySmartManualSample_PC/Content/Input/IA_Shoot.uexp" 1835
"C:/Users/USSER/Desktop/Smart_manual_demo/MySmartManualSample_PC/Content/Input/IA_Move.uasset" 1836
"C:/Users/USSER/Desktop/Smart_manual_demo/MySmartManualSample_PC/Content/Input/IA_Move.uexp" 1837
"C:/Users/USSER/Desktop/Smart_manual_demo/MySmartManualSample_PC/Content/Input/IA_Look.uasset" 1838
"C:/Users/USSER/Desktop/Smart_manual_demo/MySmartManualSample_PC/Content/Input/IA_Look.uexp" 1839
"C:/Users/USSER/Desktop/Smart_manual_demo/MySmartManualSample_PC/Content/Input/IA_Jump.uasset" 1840
"C:/Users/USSER/Desktop/Smart_manual_demo/MySmartManualSample_PC/Content/Input/IA_Jump.uexp" 1841
"C:/Users/USSER/Desktop/Smart_manual_demo/MySmartManualSample_PC/Content/Input/IA_DragY.uasset" 1842
"C:/Users/USSER/Desktop/Smart_manual_demo/MySmartManualSample_PC/Content/Input/IA_DragY.uexp" 1843
"C:/Users/USSER/Desktop/Smart_manual_demo/MySmartManualSample_PC/Content/Input/IA_DragX.uasset" 1844
"C:/Users/USSER/Desktop/Smart_manual_demo/MySmartManualSample_PC/Content/Input/IA_DragX.uexp" 1845
"../../../Engine/Plugins/Animation/DeformerGraph/Content/Deformers/DG_LinearBlendSkin_Morph_Cloth_RecomputeNormals.uasset" 1846
"../../../Engine/Plugins/Animation/DeformerGraph/Content/Deformers/DG_LinearBlendSkin_Morph_Cloth_RecomputeNormals.uexp" 1847
"../../../Engine/Plugins/Animation/DeformerGraph/Content/Deformers/DG_LinearBlendSkin_Morph_Cloth.uasset" 1848
"../../../Engine/Plugins/Animation/DeformerGraph/Content/Deformers/DG_LinearBlendSkin_Morph_Cloth.uexp" 1849
"../../../Engine/Plugins/Animation/DeformerGraph/Content/DeformerFunctions/DG_Function_LinearBlendSkin_Morph_Cloth_PositionOnly.uasset" 1850
"../../../Engine/Plugins/Animation/DeformerGraph/Content/DeformerFunctions/DG_Function_LinearBlendSkin_Morph_Cloth_PositionOnly.uexp" 1851
"../../../Engine/Plugins/Animation/DeformerGraph/Content/DeformerFunctions/DG_Function_LinearBlendSkin_Morph_Cloth.uasset" 1852
"../../../Engine/Plugins/Animation/DeformerGraph/Content/DeformerFunctions/DG_Function_LinearBlendSkin_Morph_Cloth.uexp" 1853
"../../../Engine/Plugins/Animation/DeformerGraph/Content/DeformerFunctions/DG_Function_ComputeNormalsTangents.uasset" 1854
"../../../Engine/Plugins/Animation/DeformerGraph/Content/DeformerFunctions/DG_Function_ComputeNormalsTangents.uexp" 1855
"../../../Engine/Content/VREditor/TransformGizmo/StartRotationHandleIndicator.ubulk" 1856
"../../../Engine/Content/VREditor/TransformGizmo/StartRotationHandleIndicator.uasset" 1857
"../../../Engine/Content/VREditor/TransformGizmo/StartRotationHandleIndicator.uexp" 1858
"../../../Engine/Content/VREditor/Sounds/UI/Drop_Item_From_ContentBrowser.ubulk" 1859
"../../../Engine/Content/VREditor/Sounds/UI/Drop_Item_From_ContentBrowser.uasset" 1860
"../../../Engine/Content/VREditor/Sounds/UI/Drop_Item_From_ContentBrowser.uexp" 1861
"../../../Engine/Content/VREditor/TransformGizmo/PlaneTranslationHandle.ubulk" 1862
"../../../Engine/Content/VREditor/TransformGizmo/PlaneTranslationHandle.uasset" 1863
"../../../Engine/Content/VREditor/TransformGizmo/PlaneTranslationHandle.uexp" 1864
"../../../Engine/Content/VREditor/Sounds/UI/Object_Snaps_To_Grid.ubulk" 1865
"../../../Engine/Content/VREditor/Sounds/UI/Object_Snaps_To_Grid.uasset" 1866
"../../../Engine/Content/VREditor/Sounds/UI/Object_Snaps_To_Grid.uexp" 1867
"../../../Engine/Content/VREditor/Sounds/UI/Selection_Changes.ubulk" 1868
"../../../Engine/Content/VREditor/Sounds/UI/Selection_Changes.uasset" 1869
"../../../Engine/Content/VREditor/Sounds/UI/Selection_Changes.uexp" 1870
"../../../Engine/Content/VREditor/Sounds/UI/Object_Snaps_To_Another_Actor.ubulk" 1871
"../../../Engine/Content/VREditor/Sounds/UI/Object_Snaps_To_Another_Actor.uasset" 1872
"../../../Engine/Content/VREditor/Sounds/UI/Object_Snaps_To_Another_Actor.uexp" 1873
"../../../Engine/Content/VREditor/TransformGizmo/TranslucentTransformGizmoMaterial_Inst.uasset" 1874
"../../../Engine/Content/VREditor/TransformGizmo/TranslucentTransformGizmoMaterial_Inst.uexp" 1875
"../../../Engine/Content/VREditor/TransformGizmo/TransformGizmoFreeRotation.ubulk" 1876
"../../../Engine/Content/VREditor/TransformGizmo/TransformGizmoFreeRotation.uasset" 1877
"../../../Engine/Content/VREditor/TransformGizmo/TransformGizmoFreeRotation.uexp" 1878
"../../../Engine/Content/VREditor/Sounds/UI/Scaling_Down.ubulk" 1879
"../../../Engine/Content/VREditor/Sounds/UI/Scaling_Down.uasset" 1880
"../../../Engine/Content/VREditor/Sounds/UI/Scaling_Down.uexp" 1881
"../../../Engine/Content/Functions/Engine_MaterialFunctions02/SplitComponents.uasset" 1882
"../../../Engine/Content/Functions/Engine_MaterialFunctions02/SplitComponents.uexp" 1883
"../../../Engine/Content/VREditor/SnapGrid/SnapGridMaterial.uasset" 1884
"../../../Engine/Content/VREditor/SnapGrid/SnapGridMaterial.uexp" 1885
"../../../Engine/Content/VREditor/SnapGrid/SnapGridPlaneMesh.ubulk" 1886
"../../../Engine/Content/VREditor/SnapGrid/SnapGridPlaneMesh.uasset" 1887
"../../../Engine/Content/VREditor/SnapGrid/SnapGridPlaneMesh.uexp" 1888
"../../../Engine/Content/VREditor/Sounds/UI/Scaling_Up.ubulk" 1889
"../../../Engine/Content/VREditor/Sounds/UI/Scaling_Up.uasset" 1890
"../../../Engine/Content/VREditor/Sounds/UI/Scaling_Up.uexp" 1891
"../../../Engine/Content/VREditor/TransformGizmo/TransformGizmoMaterial_Inst.uasset" 1892
"../../../Engine/Content/VREditor/TransformGizmo/TransformGizmoMaterial_Inst.uexp" 1893
"../../../Engine/Content/VREditor/Sounds/UI/Gizmo_Handle_Clicked.ubulk" 1894
"../../../Engine/Content/VREditor/Sounds/UI/Gizmo_Handle_Clicked.uasset" 1895
"../../../Engine/Content/VREditor/Sounds/UI/Gizmo_Handle_Clicked.uexp" 1896
"../../../Engine/Content/VREditor/TransformGizmo/RotationHandleQuarter.ubulk" 1897
"../../../Engine/Content/VREditor/TransformGizmo/RotationHandleQuarter.uasset" 1898
"../../../Engine/Content/VREditor/TransformGizmo/RotationHandleQuarter.uexp" 1899
"../../../Engine/Content/VREditor/TransformGizmo/TranslateArrowHandle.ubulk" 1900
"../../../Engine/Content/VREditor/TransformGizmo/TranslateArrowHandle.uasset" 1901
"../../../Engine/Content/VREditor/TransformGizmo/TranslateArrowHandle.uexp" 1902
"../../../Engine/Content/VREditor/TransformGizmo/RotationHandleIndicator.ubulk" 1903
"../../../Engine/Content/VREditor/TransformGizmo/RotationHandleIndicator.uasset" 1904
"../../../Engine/Content/VREditor/TransformGizmo/RotationHandleIndicator.uexp" 1905
"../../../Engine/Content/VREditor/TransformGizmo/UniformScaleHandle.ubulk" 1906
"../../../Engine/Content/VREditor/TransformGizmo/UniformScaleHandle.uasset" 1907
"../../../Engine/Content/VREditor/TransformGizmo/UniformScaleHandle.uexp" 1908
"../../../Engine/Content/VREditor/TransformGizmo/RotationHandleFull.ubulk" 1909
"../../../Engine/Content/VREditor/TransformGizmo/RotationHandleFull.uasset" 1910
"../../../Engine/Content/VREditor/TransformGizmo/RotationHandleFull.uexp" 1911
"../../../Engine/Content/VREditor/Sounds/UI/Object_PickUp.ubulk" 1912
"../../../Engine/Content/VREditor/Sounds/UI/Object_PickUp.uasset" 1913
"../../../Engine/Content/VREditor/Sounds/UI/Object_PickUp.uexp" 1914
"../../../Engine/Content/EngineResources/LandscapeVisibilityLayerInfo.uasset" 1915
"../../../Engine/Content/EngineResources/LandscapeVisibilityLayerInfo.uexp" 1916
"C:/Users/USSER/Desktop/Smart_manual_demo/MySmartManualSample_PC/Content/Test/Input/IA_PointerDelta.uasset" 1917
"C:/Users/USSER/Desktop/Smart_manual_demo/MySmartManualSample_PC/Content/Test/Input/IA_PointerDelta.uexp" 1918
"C:/Users/USSER/Desktop/Smart_manual_demo/MySmartManualSample_PC/Content/FPWeapon/Mesh/SK_FPGun_PhysicsAsset.uasset" 1919
"C:/Users/USSER/Desktop/Smart_manual_demo/MySmartManualSample_PC/Content/FPWeapon/Mesh/SK_FPGun_PhysicsAsset.uexp" 1920
"C:/Users/USSER/Desktop/Smart_manual_demo/MySmartManualSample_PC/Content/3DPixelArms/Rigs/CR_Mannequin_Procedural.uasset" 1921
"C:/Users/USSER/Desktop/Smart_manual_demo/MySmartManualSample_PC/Content/3DPixelArms/Rigs/CR_Mannequin_Procedural.uexp" 1922
"../../../Engine/Plugins/Animation/ControlRig/Content/Controls/DefaultGizmoLibraryNormalized.uasset" 1923
"../../../Engine/Plugins/Animation/ControlRig/Content/Controls/DefaultGizmoLibraryNormalized.uexp" 1924
"C:/Users/USSER/Desktop/Smart_manual_demo/MySmartManualSample_PC/Content/3DPixelArms/Rigs/CR_Mannequin_Body.uasset" 1925
"C:/Users/USSER/Desktop/Smart_manual_demo/MySmartManualSample_PC/Content/3DPixelArms/Rigs/CR_Mannequin_Body.uexp" 1926
"C:/Users/USSER/Desktop/Smart_manual_demo/MySmartManualSample_PC/Content/3DPixelArms/Rigs/CR_Mannequin_BasicFootIK.uasset" 1927
"C:/Users/USSER/Desktop/Smart_manual_demo/MySmartManualSample_PC/Content/3DPixelArms/Rigs/CR_Mannequin_BasicFootIK.uexp" 1928
"C:/Users/USSER/Desktop/Smart_manual_demo/MySmartManualSample_PC/Content/3DPixelArms/Rigs/UE4/Mannequin_ControlRig.uasset" 1929
"C:/Users/USSER/Desktop/Smart_manual_demo/MySmartManualSample_PC/Content/3DPixelArms/Rigs/UE4/Mannequin_ControlRig.uexp" 1930
"C:/Users/USSER/Desktop/Smart_manual_demo/MySmartManualSample_PC/Content/DankestThings_EnviroSense/Demo/Characters/Mannequins/Rigs/IK_Mannequin.uasset" 1931
"C:/Users/USSER/Desktop/Smart_manual_demo/MySmartManualSample_PC/Content/DankestThings_EnviroSense/Demo/Characters/Mannequins/Rigs/IK_Mannequin.uexp" 1932
"C:/Users/USSER/Desktop/Smart_manual_demo/MySmartManualSample_PC/Content/DankestThings_EnviroSense/Demo/Characters/Mannequins/Rigs/CR_Mannequin_Body.uasset" 1933
"C:/Users/USSER/Desktop/Smart_manual_demo/MySmartManualSample_PC/Content/DankestThings_EnviroSense/Demo/Characters/Mannequins/Rigs/CR_Mannequin_Body.uexp" 1934
"C:/Users/USSER/Desktop/Smart_manual_demo/MySmartManualSample_PC/Content/DankestThings_EnviroSense/Demo/Characters/Mannequins/Meshes/Mannequin_LODSettings.uasset" 1935
"C:/Users/USSER/Desktop/Smart_manual_demo/MySmartManualSample_PC/Content/DankestThings_EnviroSense/Demo/Characters/Mannequins/Meshes/Mannequin_LODSettings.uexp" 1936
"C:/Users/USSER/Desktop/Smart_manual_demo/MySmartManualSample_PC/Content/LevelPrototyping/Materials/M_Solid.uasset" 1937
"C:/Users/USSER/Desktop/Smart_manual_demo/MySmartManualSample_PC/Content/LevelPrototyping/Materials/M_Solid.uexp" 1938
"C:/Users/USSER/Desktop/Smart_manual_demo/MySmartManualSample_PC/Content/LevelPrototyping/Materials/MI_Solid_Blue.uasset" 1939
"C:/Users/USSER/Desktop/Smart_manual_demo/MySmartManualSample_PC/Content/LevelPrototyping/Materials/MI_Solid_Blue.uexp" 1940
"C:/Users/USSER/Desktop/Smart_manual_demo/MySmartManualSample_PC/Content/LevelPrototyping/Meshes/SM_ChamferCube.ubulk" 1941
"C:/Users/USSER/Desktop/Smart_manual_demo/MySmartManualSample_PC/Content/LevelPrototyping/Meshes/SM_ChamferCube.uasset" 1942
"C:/Users/USSER/Desktop/Smart_manual_demo/MySmartManualSample_PC/Content/LevelPrototyping/Meshes/SM_ChamferCube.uexp" 1943
"C:/Users/USSER/Desktop/Smart_manual_demo/MySmartManualSample_PC/Content/LevelPrototyping/Meshes/SM_Cube.ubulk" 1944
"C:/Users/USSER/Desktop/Smart_manual_demo/MySmartManualSample_PC/Content/LevelPrototyping/Meshes/SM_Cube.uasset" 1945
"C:/Users/USSER/Desktop/Smart_manual_demo/MySmartManualSample_PC/Content/LevelPrototyping/Meshes/SM_Cube.uexp" 1946
"../../../Engine/Content/EngineSky/T_Sky_Stars.ubulk" 1947
"../../../Engine/Content/EngineSky/T_Sky_Stars.uasset" 1948
"../../../Engine/Content/EngineSky/T_Sky_Stars.uexp" 1949
"../../../Engine/Content/EngineSky/T_Sky_Clouds_M.ubulk" 1950
"../../../Engine/Content/EngineSky/T_Sky_Clouds_M.uasset" 1951
"../../../Engine/Content/EngineSky/T_Sky_Clouds_M.uexp" 1952
"../../../Engine/Content/EngineSky/T_Sky_Blue.ubulk" 1953
"../../../Engine/Content/EngineSky/T_Sky_Blue.uasset" 1954
"../../../Engine/Content/EngineSky/T_Sky_Blue.uexp" 1955
"../../../Engine/Content/EngineSky/M_Sky_Panning_Clouds2.uasset" 1956
"../../../Engine/Content/EngineSky/M_Sky_Panning_Clouds2.uexp" 1957
"../../../Engine/Content/EngineSky/SM_SkySphere.ubulk" 1958
"../../../Engine/Content/EngineSky/SM_SkySphere.uasset" 1959
"../../../Engine/Content/EngineSky/SM_SkySphere.uexp" 1960
"../../../Engine/Content/EngineSky/M_SimpleSkyDome.uasset" 1961
"../../../Engine/Content/EngineSky/M_SimpleSkyDome.uexp" 1962
"C:/Users/USSER/Desktop/Smart_manual_demo/MySmartManualSample_PC/Content/LevelPrototyping/Meshes/SM_QuarterCylinder.ubulk" 1963
"C:/Users/USSER/Desktop/Smart_manual_demo/MySmartManualSample_PC/Content/LevelPrototyping/Meshes/SM_QuarterCylinder.uasset" 1964
"C:/Users/USSER/Desktop/Smart_manual_demo/MySmartManualSample_PC/Content/LevelPrototyping/Meshes/SM_QuarterCylinder.uexp" 1965
"C:/Users/USSER/Desktop/Smart_manual_demo/MySmartManualSample_PC/Content/LevelPrototyping/Materials/MI_PrototypeGrid_TopDark.uasset" 1966
"C:/Users/USSER/Desktop/Smart_manual_demo/MySmartManualSample_PC/Content/LevelPrototyping/Materials/MI_PrototypeGrid_TopDark.uexp" 1967
"../../../Engine/Content/MapTemplates/Materials/BasicAsset02.uasset" 1968
"../../../Engine/Content/MapTemplates/Materials/BasicAsset02.uexp" 1969
"C:/Users/USSER/Desktop/Smart_manual_demo/MySmartManualSample_PC/Content/Asset/SM_Box_Back.uasset" 1970
"C:/Users/USSER/Desktop/Smart_manual_demo/MySmartManualSample_PC/Content/Asset/SM_Box_Back.uexp" 1971
"C:/Users/USSER/Desktop/Smart_manual_demo/MySmartManualSample_PC/Content/LevelPrototyping/Meshes/SM_Ramp.ubulk" 1972
"C:/Users/USSER/Desktop/Smart_manual_demo/MySmartManualSample_PC/Content/LevelPrototyping/Meshes/SM_Ramp.uasset" 1973
"C:/Users/USSER/Desktop/Smart_manual_demo/MySmartManualSample_PC/Content/LevelPrototyping/Meshes/SM_Ramp.uexp" 1974
"../../../Engine/Content/MapTemplates/Sky/Desert_Outer_HDR.uasset" 1975
"../../../Engine/Content/MapTemplates/Sky/Desert_Outer_HDR.uexp" 1976
"../../../Engine/Content/MapTemplates/Sky/Desert_Outer_HDR_Mat.uasset" 1977
"../../../Engine/Content/MapTemplates/Sky/Desert_Outer_HDR_Mat.uexp" 1978
"C:/Users/USSER/Desktop/Smart_manual_demo/MySmartManualSample_PC/Content/Asset/SM_Button_Table.uasset" 1979
"C:/Users/USSER/Desktop/Smart_manual_demo/MySmartManualSample_PC/Content/Asset/SM_Button_Table.uexp" 1980
"C:/Users/USSER/Desktop/Smart_manual_demo/MySmartManualSample_PC/Content/DankestThings_EnviroSense/Demo/LevelPrototyping/Materials/MI_PrototypeGrid_TopDark.uasset" 1981
"C:/Users/USSER/Desktop/Smart_manual_demo/MySmartManualSample_PC/Content/DankestThings_EnviroSense/Demo/LevelPrototyping/Materials/MI_PrototypeGrid_TopDark.uexp" 1982
"C:/Users/USSER/Desktop/Smart_manual_demo/MySmartManualSample_PC/Content/DankestThings_EnviroSense/Demo/LevelPrototyping/Meshes/SM_QuarterCylinder.ubulk" 1983
"C:/Users/USSER/Desktop/Smart_manual_demo/MySmartManualSample_PC/Content/DankestThings_EnviroSense/Demo/LevelPrototyping/Meshes/SM_QuarterCylinder.uasset" 1984
"C:/Users/USSER/Desktop/Smart_manual_demo/MySmartManualSample_PC/Content/DankestThings_EnviroSense/Demo/LevelPrototyping/Meshes/SM_QuarterCylinder.uexp" 1985
"C:/Users/USSER/Desktop/Smart_manual_demo/MySmartManualSample_PC/Content/Test/Blueprints/TestPawn.uasset" 1986
"C:/Users/USSER/Desktop/Smart_manual_demo/MySmartManualSample_PC/Content/Test/Blueprints/TestPawn.uexp" 1987
"C:/Users/USSER/Desktop/Smart_manual_demo/MySmartManualSample_PC/Content/Test/Input/IA_Hold.uasset" 1988
"C:/Users/USSER/Desktop/Smart_manual_demo/MySmartManualSample_PC/Content/Test/Input/IA_Hold.uexp" 1989
"C:/Users/USSER/Desktop/Smart_manual_demo/MySmartManualSample_PC/Content/Test/Blueprints/BPI_Interactable.uasset" 1990
"C:/Users/USSER/Desktop/Smart_manual_demo/MySmartManualSample_PC/Content/Test/Blueprints/BPI_Interactable.uexp" 1991
"C:/Users/USSER/Desktop/Smart_manual_demo/MySmartManualSample_PC/Content/Test/UI/MainUI.uasset" 1992
"C:/Users/USSER/Desktop/Smart_manual_demo/MySmartManualSample_PC/Content/Test/UI/MainUI.uexp" 1993
"C:/Users/USSER/Desktop/Smart_manual_demo/MySmartManualSample_PC/Content/Test/Input/IA_Tap.uasset" 1994
"C:/Users/USSER/Desktop/Smart_manual_demo/MySmartManualSample_PC/Content/Test/Input/IA_Tap.uexp" 1995
"C:/Users/USSER/Desktop/Smart_manual_demo/MySmartManualSample_PC/Content/Test/Input/IA_PointerPos.uasset" 1996
"C:/Users/USSER/Desktop/Smart_manual_demo/MySmartManualSample_PC/Content/Test/Input/IA_PointerPos.uexp" 1997
"C:/Users/USSER/Desktop/Smart_manual_demo/MySmartManualSample_PC/Content/Test/Input/IA_Press.uasset" 1998
"C:/Users/USSER/Desktop/Smart_manual_demo/MySmartManualSample_PC/Content/Test/Input/IA_Press.uexp" 1999
"C:/Users/USSER/Desktop/Smart_manual_demo/MySmartManualSample_PC/Content/Test/Input/IMC_Universal.uasset" 2000
"C:/Users/USSER/Desktop/Smart_manual_demo/MySmartManualSample_PC/Content/Test/Input/IMC_Universal.uexp" 2001
"../../../Engine/Plugins/Interchange/Assets/Content/Functions/MF_PhongToMetalRoughness.uasset" 2002
"../../../Engine/Plugins/Interchange/Assets/Content/Functions/MF_PhongToMetalRoughness.uexp" 2003
"C:/Users/USSER/Desktop/Smart_manual_demo/MySmartManualSample_PC/Content/Test/Mesh/TestTexture.ubulk" 2004
"C:/Users/USSER/Desktop/Smart_manual_demo/MySmartManualSample_PC/Content/Test/Mesh/TestTexture.uasset" 2005
"C:/Users/USSER/Desktop/Smart_manual_demo/MySmartManualSample_PC/Content/Test/Mesh/TestTexture.uexp" 2006
"C:/Users/USSER/Desktop/Smart_manual_demo/MySmartManualSample_PC/Content/Test/Mesh/Material_001.uasset" 2007
"C:/Users/USSER/Desktop/Smart_manual_demo/MySmartManualSample_PC/Content/Test/Mesh/Material_001.uexp" 2008
"C:/Users/USSER/Desktop/Smart_manual_demo/MySmartManualSample_PC/Content/Test/Mesh/Body.ubulk" 2009
"C:/Users/USSER/Desktop/Smart_manual_demo/MySmartManualSample_PC/Content/Test/Mesh/Body.uasset" 2010
"C:/Users/USSER/Desktop/Smart_manual_demo/MySmartManualSample_PC/Content/Test/Mesh/Body.uexp" 2011
"C:/Users/USSER/Desktop/Smart_manual_demo/MySmartManualSample_PC/Content/Test/Mesh/Cap.ubulk" 2012
"C:/Users/USSER/Desktop/Smart_manual_demo/MySmartManualSample_PC/Content/Test/Mesh/Cap.uasset" 2013
"C:/Users/USSER/Desktop/Smart_manual_demo/MySmartManualSample_PC/Content/Test/Mesh/Cap.uexp" 2014
"C:/Users/USSER/Desktop/Smart_manual_demo/MySmartManualSample_PC/Content/Test/Blueprints/BP_InteractionManager.uasset" 2015
"C:/Users/USSER/Desktop/Smart_manual_demo/MySmartManualSample_PC/Content/Test/Blueprints/BP_InteractionManager.uexp" 2016
"C:/Users/USSER/Desktop/Smart_manual_demo/MySmartManualSample_PC/Content/Test/Mesh/TestTexture2.ubulk" 2017
"C:/Users/USSER/Desktop/Smart_manual_demo/MySmartManualSample_PC/Content/Test/Mesh/TestTexture2.uasset" 2018
"C:/Users/USSER/Desktop/Smart_manual_demo/MySmartManualSample_PC/Content/Test/Mesh/TestTexture2.uexp" 2019
"C:/Users/USSER/Desktop/Smart_manual_demo/MySmartManualSample_PC/Content/Test/Mesh/Grip.ubulk" 2020
"C:/Users/USSER/Desktop/Smart_manual_demo/MySmartManualSample_PC/Content/Test/Mesh/Grip.uasset" 2021
"C:/Users/USSER/Desktop/Smart_manual_demo/MySmartManualSample_PC/Content/Test/Mesh/Grip.uexp" 2022
"C:/Users/USSER/Desktop/Smart_manual_demo/MySmartManualSample_PC/Content/Test/Blueprints/BP_Doorlock.uasset" 2023
"C:/Users/USSER/Desktop/Smart_manual_demo/MySmartManualSample_PC/Content/Test/Blueprints/BP_Doorlock.uexp" 2024
"C:/Users/USSER/Desktop/Smart_manual_demo/MySmartManualSample_PC/Content/Test/BP_UniversalController.uasset" 2025
"C:/Users/USSER/Desktop/Smart_manual_demo/MySmartManualSample_PC/Content/Test/BP_UniversalController.uexp" 2026
"C:/Users/USSER/Desktop/Smart_manual_demo/MySmartManualSample_PC/Content/Test/TestGameMode.uasset" 2027
"C:/Users/USSER/Desktop/Smart_manual_demo/MySmartManualSample_PC/Content/Test/TestGameMode.uexp" 2028
"C:/Users/USSER/Desktop/Smart_manual_demo/MySmartManualSample_PC/Content/Test/Map/TestMap.uexp" 2029
"C:/Users/USSER/Desktop/Smart_manual_demo/MySmartManualSample_PC/Content/Test/Map/TestMap.umap" 2030
"../../../Engine/Content/EngineMaterials/DefaultWhiteGrid.ubulk" 2031
"../../../Engine/Content/EngineMaterials/DefaultWhiteGrid.uasset" 2032
"../../../Engine/Content/EngineMaterials/DefaultWhiteGrid.uexp" 2033
"../../../Engine/Content/EngineDebugMaterials/MAT_LevelColorationLitLightmapUV.uasset" 2034
"../../../Engine/Content/EngineDebugMaterials/MAT_LevelColorationLitLightmapUV.uexp" 2035
"C:/Users/USSER/Desktop/Smart_manual_demo/MySmartManualSample_PC/Content/Asset/SM_Red_Button.uasset" 2036
"C:/Users/USSER/Desktop/Smart_manual_demo/MySmartManualSample_PC/Content/Asset/SM_Red_Button.uexp" 2037
"C:/Users/USSER/Desktop/Smart_manual_demo/MySmartManualSample_PC/Content/Interact/BP_Interact_Button_Actor.uasset" 2038
"C:/Users/USSER/Desktop/Smart_manual_demo/MySmartManualSample_PC/Content/Interact/BP_Interact_Button_Actor.uexp" 2039
"../../../Engine/Plugins/Bridge/Content/MSPresets/MSVTTextures/BlackPlaceholder.uasset" 2040
"../../../Engine/Plugins/Bridge/Content/MSPresets/MSVTTextures/BlackPlaceholder.uexp" 2041
"../../../Engine/Content/EngineResources/Black.uasset" 2042
"../../../Engine/Content/EngineResources/Black.uexp" 2043
"../../../Engine/Plugins/Bridge/Content/MSPresets/M_MS_Default_Material/Functions/MF_Transmission.uasset" 2044
"../../../Engine/Plugins/Bridge/Content/MSPresets/M_MS_Default_Material/Functions/MF_Transmission.uexp" 2045
"../../../Engine/Plugins/Bridge/Content/MSPresets/M_MS_Default_Material/Functions/MF_MapAdjustments.uasset" 2046
"../../../Engine/Plugins/Bridge/Content/MSPresets/M_MS_Default_Material/Functions/MF_MapAdjustments.uexp" 2047
"../../../Engine/Plugins/Bridge/Content/MSPresets/MSVTTextures/DefaultDiffuse.ubulk" 2048
"../../../Engine/Plugins/Bridge/Content/MSPresets/MSVTTextures/DefaultDiffuse.uasset" 2049
"../../../Engine/Plugins/Bridge/Content/MSPresets/MSVTTextures/DefaultDiffuse.uexp" 2050
"../../../Engine/Plugins/Bridge/Content/MSPresets/MSVTTextures/Placeholder_Normal.uasset" 2051
"../../../Engine/Plugins/Bridge/Content/MSPresets/MSVTTextures/Placeholder_Normal.uexp" 2052
"../../../Engine/Plugins/Bridge/Content/MSPresets/M_MS_Default_Material/Functions/MF_Tiling.uasset" 2053
"../../../Engine/Plugins/Bridge/Content/MSPresets/M_MS_Default_Material/Functions/MF_Tiling.uexp" 2054
"../../../Engine/Plugins/Bridge/Content/MSPresets/MSVTTextures/WhitePlaceholder.uasset" 2055
"../../../Engine/Plugins/Bridge/Content/MSPresets/MSVTTextures/WhitePlaceholder.uexp" 2056
"../../../Engine/Plugins/Bridge/Content/MSPresets/M_MS_Surface_Material_VT/M_MS_Surface_Material_VT.uasset" 2057
"../../../Engine/Plugins/Bridge/Content/MSPresets/M_MS_Surface_Material_VT/M_MS_Surface_Material_VT.uexp" 2058
"../../../Engine/Plugins/Developer/AnimationSharing/Content/AnimSharingBase.uasset" 2059
"../../../Engine/Plugins/Developer/AnimationSharing/Content/AnimSharingBase.uexp" 2060
"C:/Users/USSER/Desktop/Smart_manual_demo/MySmartManualSample_PC/Content/Asset/SM_Box.uasset" 2061
"C:/Users/USSER/Desktop/Smart_manual_demo/MySmartManualSample_PC/Content/Asset/SM_Box.uexp" 2062
"C:/Users/USSER/Desktop/Smart_manual_demo/MySmartManualSample_PC/Content/Interact/BP_Interact_Box_Actor.uasset" 2063
"C:/Users/USSER/Desktop/Smart_manual_demo/MySmartManualSample_PC/Content/Interact/BP_Interact_Box_Actor.uexp" 2064
"../../../Engine/Plugins/Enterprise/DatasmithContent/Content/Materials/FBXImporter/VRED/ProcessNormal.uasset" 2065
"../../../Engine/Plugins/Enterprise/DatasmithContent/Content/Materials/FBXImporter/VRED/ProcessNormal.uexp" 2066
"../../../Engine/Content/Functions/Engine_MaterialFunctions02/WorldPositionOffset/LocalPosition.uasset" 2067
"../../../Engine/Content/Functions/Engine_MaterialFunctions02/WorldPositionOffset/LocalPosition.uexp" 2068
"../../../Engine/Plugins/Enterprise/DatasmithContent/Content/Materials/FBXImporter/VRED/VREDRepeatMode.uasset" 2069
"../../../Engine/Plugins/Enterprise/DatasmithContent/Content/Materials/FBXImporter/VRED/VREDRepeatMode.uexp" 2070
"../../../Engine/Plugins/Enterprise/DatasmithContent/Content/Materials/FBXImporter/VRED/PlanarMapping.uasset" 2071
"../../../Engine/Plugins/Enterprise/DatasmithContent/Content/Materials/FBXImporter/VRED/PlanarMapping.uexp" 2072
"../../../Engine/Plugins/Enterprise/DatasmithContent/Content/Materials/FBXImporter/VRED/UVMapping.uasset" 2073
"../../../Engine/Plugins/Enterprise/DatasmithContent/Content/Materials/FBXImporter/VRED/UVMapping.uexp" 2074
"../../../Engine/Plugins/Enterprise/DatasmithContent/Content/Materials/FBXImporter/VRED/TriplanarMapping.uasset" 2075
"../../../Engine/Plugins/Enterprise/DatasmithContent/Content/Materials/FBXImporter/VRED/TriplanarMapping.uexp" 2076
"../../../Engine/Plugins/Enterprise/DatasmithContent/Content/Materials/FBXImporter/VRED/VREDTextureRead.uasset" 2077
"../../../Engine/Plugins/Enterprise/DatasmithContent/Content/Materials/FBXImporter/VRED/VREDTextureRead.uexp" 2078
"../../../Engine/Content/Functions/Engine_MaterialFunctions02/Fresnel_Function.uasset" 2079
"../../../Engine/Content/Functions/Engine_MaterialFunctions02/Fresnel_Function.uexp" 2080
"../../../Engine/Content/Functions/Engine_MaterialFunctions01/Texturing/BakedDisplacement.uasset" 2081
"../../../Engine/Content/Functions/Engine_MaterialFunctions01/Texturing/BakedDisplacement.uexp" 2082
"../../../Engine/Plugins/Enterprise/DatasmithContent/Content/Materials/FBXImporter/VRED/BrushedMetal.uasset" 2083
"../../../Engine/Plugins/Enterprise/DatasmithContent/Content/Materials/FBXImporter/VRED/BrushedMetal.uexp" 2084
"../../../Engine/Content/EditorMaterials/Cloth/CameraLitDoubleSided.uasset" 2085
"../../../Engine/Content/EditorMaterials/Cloth/CameraLitDoubleSided.uexp" 2086
"C:/Users/USSER/Desktop/Smart_manual_demo/MySmartManualSample_PC/Content/Asset/SM_Box_Door.uasset" 2087
"C:/Users/USSER/Desktop/Smart_manual_demo/MySmartManualSample_PC/Content/Asset/SM_Box_Door.uexp" 2088
"C:/Users/USSER/Desktop/Smart_manual_demo/MySmartManualSample_PC/Content/Interact/BP_Interact_Door_Actor.uasset" 2089
"C:/Users/USSER/Desktop/Smart_manual_demo/MySmartManualSample_PC/Content/Interact/BP_Interact_Door_Actor.uexp" 2090
"../../../Engine/Content/EngineDebugMaterials/HeatmapGradient.ubulk" 2091
"../../../Engine/Content/EngineDebugMaterials/HeatmapGradient.uasset" 2092
"../../../Engine/Content/EngineDebugMaterials/HeatmapGradient.uexp" 2093
"../../../Engine/Content/EngineDebugMaterials/BoneWeightMaterial.uasset" 2094
"../../../Engine/Content/EngineDebugMaterials/BoneWeightMaterial.uexp" 2095
"C:/Users/USSER/Desktop/Smart_manual_demo/MySmartManualSample_PC/Content/Asset/SM_Lid.uasset" 2096
"C:/Users/USSER/Desktop/Smart_manual_demo/MySmartManualSample_PC/Content/Asset/SM_Lid.uexp" 2097
"C:/Users/USSER/Desktop/Smart_manual_demo/MySmartManualSample_PC/Content/Interact/BP_Interact_Lid_Actor.uasset" 2098
"C:/Users/USSER/Desktop/Smart_manual_demo/MySmartManualSample_PC/Content/Interact/BP_Interact_Lid_Actor.uexp" 2099
"C:/Users/USSER/Desktop/Smart_manual_demo/MySmartManualSample_PC/Content/Test/UI/TestWidget.uasset" 2100
"C:/Users/USSER/Desktop/Smart_manual_demo/MySmartManualSample_PC/Content/Test/UI/TestWidget.uexp" 2101
"C:/Users/USSER/Desktop/Smart_manual_demo/MySmartManualSample_PC/Content/FirstPerson/Maps/FirstPersonMap.uexp" 2102
"C:/Users/USSER/Desktop/Smart_manual_demo/MySmartManualSample_PC/Content/FirstPerson/Maps/FirstPersonMap.umap" 2103
"C:/Users/USSER/Desktop/Smart_manual_demo/MySmartManualSample_PC/Content/DankestThings_EnviroSense/Demo/ThirdPerson/Blueprints/BP_EnviroSenseGameMode.uasset" 2104
"C:/Users/USSER/Desktop/Smart_manual_demo/MySmartManualSample_PC/Content/DankestThings_EnviroSense/Demo/ThirdPerson/Blueprints/BP_EnviroSenseGameMode.uexp" 2105
"C:/Users/USSER/Desktop/Smart_manual_demo/MySmartManualSample_PC/Content/DankestThings_EnviroSense/Demo/ThirdPerson/Maps/EnviroSenseDemoMap.uexp" 2106
"C:/Users/USSER/Desktop/Smart_manual_demo/MySmartManualSample_PC/Content/DankestThings_EnviroSense/Demo/ThirdPerson/Maps/EnviroSenseDemoMap.umap" 2107
"../../../Engine/Content/Maps/Entry_BuiltData.uasset" 2108
"../../../Engine/Content/Maps/Entry_BuiltData.uexp" 2109
"../../../Engine/Content/Maps/Entry.uexp" 2110
"../../../Engine/Content/Maps/Entry.umap" 2111
"C:/Users/USSER/Desktop/Smart_manual_demo/MySmartManualSample_PC/Content/3DPixelArms/Textures/SkinShades/T_Skin05_BaseColor.ubulk" 2112
"C:/Users/USSER/Desktop/Smart_manual_demo/MySmartManualSample_PC/Content/3DPixelArms/Textures/SkinShades/T_Skin05_BaseColor.uasset" 2113
"C:/Users/USSER/Desktop/Smart_manual_demo/MySmartManualSample_PC/Content/3DPixelArms/Textures/SkinShades/T_Skin05_BaseColor.uexp" 2114
"C:/Users/USSER/Desktop/Smart_manual_demo/MySmartManualSample_PC/Content/3DPixelArms/Materials/M_SkinShade5.uasset" 2115
"C:/Users/USSER/Desktop/Smart_manual_demo/MySmartManualSample_PC/Content/3DPixelArms/Materials/M_SkinShade5.uexp" 2116
"C:/Users/USSER/Desktop/Smart_manual_demo/MySmartManualSample_PC/Content/3DPixelArms/Demo/Animations/AS_MM_Jump.uasset" 2117
"C:/Users/USSER/Desktop/Smart_manual_demo/MySmartManualSample_PC/Content/3DPixelArms/Demo/Animations/AS_MM_Jump.m.ubulk" 2118
"C:/Users/USSER/Desktop/Smart_manual_demo/MySmartManualSample_PC/Content/3DPixelArms/Demo/Animations/AS_MM_Jump.uexp" 2119
"../../../Engine/Content/EngineMaterials/BlendFunc_DefBlend.uasset" 2120
"../../../Engine/Content/EngineMaterials/BlendFunc_DefBlend.uexp" 2121
"../../../Engine/Content/OpenWorldTemplate/LandscapeMaterial/T_GridChecker_A.ubulk" 2122
"../../../Engine/Content/OpenWorldTemplate/LandscapeMaterial/T_GridChecker_A.uasset" 2123
"../../../Engine/Content/OpenWorldTemplate/LandscapeMaterial/T_GridChecker_A.uexp" 2124
"../../../Engine/Content/EngineMaterials/BlendFunc_DefBase.uasset" 2125
"../../../Engine/Content/EngineMaterials/BlendFunc_DefBase.uexp" 2126
"../../../Engine/Content/Functions/Engine_MaterialFunctions03/Blends/Blend_Overlay.uasset" 2127
"../../../Engine/Content/Functions/Engine_MaterialFunctions03/Blends/Blend_Overlay.uexp" 2128
"../../../Engine/Content/OpenWorldTemplate/LandscapeMaterial/MF_ProcGrid.uasset" 2129
"../../../Engine/Content/OpenWorldTemplate/LandscapeMaterial/MF_ProcGrid.uexp" 2130
"../../../Engine/Content/OpenWorldTemplate/LandscapeMaterial/M_ProcGrid.uasset" 2131
"../../../Engine/Content/OpenWorldTemplate/LandscapeMaterial/M_ProcGrid.uexp" 2132
"../../../Engine/Content/OpenWorldTemplate/LandscapeMaterial/MI_ProcGrid.uasset" 2133
"../../../Engine/Content/OpenWorldTemplate/LandscapeMaterial/MI_ProcGrid.uexp" 2134
"C:/Users/USSER/Desktop/Smart_manual_demo/MySmartManualSample_PC/Content/3DPixelArms/Textures/SkinShades/T_Skin03_BaseColor.ubulk" 2135
"C:/Users/USSER/Desktop/Smart_manual_demo/MySmartManualSample_PC/Content/3DPixelArms/Textures/SkinShades/T_Skin03_BaseColor.uasset" 2136
"C:/Users/USSER/Desktop/Smart_manual_demo/MySmartManualSample_PC/Content/3DPixelArms/Textures/SkinShades/T_Skin03_BaseColor.uexp" 2137
"C:/Users/USSER/Desktop/Smart_manual_demo/MySmartManualSample_PC/Content/3DPixelArms/Materials/M_SkinShade3.uasset" 2138
"C:/Users/USSER/Desktop/Smart_manual_demo/MySmartManualSample_PC/Content/3DPixelArms/Materials/M_SkinShade3.uexp" 2139
"C:/Users/USSER/Desktop/Smart_manual_demo/MySmartManualSample_PC/Content/3DPixelArms/Textures/SkinShades/T_Skin04_BaseColor.ubulk" 2140
"C:/Users/USSER/Desktop/Smart_manual_demo/MySmartManualSample_PC/Content/3DPixelArms/Textures/SkinShades/T_Skin04_BaseColor.uasset" 2141
"C:/Users/USSER/Desktop/Smart_manual_demo/MySmartManualSample_PC/Content/3DPixelArms/Textures/SkinShades/T_Skin04_BaseColor.uexp" 2142
"C:/Users/USSER/Desktop/Smart_manual_demo/MySmartManualSample_PC/Content/3DPixelArms/Materials/M_SkinShade4.uasset" 2143
"C:/Users/USSER/Desktop/Smart_manual_demo/MySmartManualSample_PC/Content/3DPixelArms/Materials/M_SkinShade4.uexp" 2144
"C:/Users/USSER/Desktop/Smart_manual_demo/MySmartManualSample_PC/Content/3DPixelArms/Demo/Animations/AS_MM_Idle.uasset" 2145
"C:/Users/USSER/Desktop/Smart_manual_demo/MySmartManualSample_PC/Content/3DPixelArms/Demo/Animations/AS_MM_Idle.m.ubulk" 2146
"C:/Users/USSER/Desktop/Smart_manual_demo/MySmartManualSample_PC/Content/3DPixelArms/Demo/Animations/AS_MM_Idle.uexp" 2147
"C:/Users/USSER/Desktop/Smart_manual_demo/MySmartManualSample_PC/Content/3DPixelArms/Demo/Animations/AS_Run_Fwd.uasset" 2148
"C:/Users/USSER/Desktop/Smart_manual_demo/MySmartManualSample_PC/Content/3DPixelArms/Demo/Animations/AS_Run_Fwd.m.ubulk" 2149
"C:/Users/USSER/Desktop/Smart_manual_demo/MySmartManualSample_PC/Content/3DPixelArms/Demo/Animations/AS_Run_Fwd.uexp" 2150
"../../../Engine/Content/MapTemplates/SM_Template_Map_Floor.ubulk" 2151
"../../../Engine/Content/MapTemplates/SM_Template_Map_Floor.uasset" 2152
"../../../Engine/Content/MapTemplates/SM_Template_Map_Floor.uexp" 2153
"C:/Users/USSER/Desktop/Smart_manual_demo/MySmartManualSample_PC/Content/3DPixelArms/Demo/Animations/UE4/AS_Jog_Fwd.uasset" 2154
"C:/Users/USSER/Desktop/Smart_manual_demo/MySmartManualSample_PC/Content/3DPixelArms/Demo/Animations/UE4/AS_Jog_Fwd.m.ubulk" 2155
"C:/Users/USSER/Desktop/Smart_manual_demo/MySmartManualSample_PC/Content/3DPixelArms/Demo/Animations/UE4/AS_Jog_Fwd.uexp" 2156
"C:/Users/USSER/Desktop/Smart_manual_demo/MySmartManualSample_PC/Content/3DPixelArms/Demo/Animations/AS_MM_Fall_Loop.uasset" 2157
"C:/Users/USSER/Desktop/Smart_manual_demo/MySmartManualSample_PC/Content/3DPixelArms/Demo/Animations/AS_MM_Fall_Loop.m.ubulk" 2158
"C:/Users/USSER/Desktop/Smart_manual_demo/MySmartManualSample_PC/Content/3DPixelArms/Demo/Animations/AS_MM_Fall_Loop.uexp" 2159
"C:/Users/USSER/Desktop/Smart_manual_demo/MySmartManualSample_PC/Content/3DPixelArms/Textures/SkinShades/T_Skin01_BaseColor.ubulk" 2160
"C:/Users/USSER/Desktop/Smart_manual_demo/MySmartManualSample_PC/Content/3DPixelArms/Textures/SkinShades/T_Skin01_BaseColor.uasset" 2161
"C:/Users/USSER/Desktop/Smart_manual_demo/MySmartManualSample_PC/Content/3DPixelArms/Textures/SkinShades/T_Skin01_BaseColor.uexp" 2162
"C:/Users/USSER/Desktop/Smart_manual_demo/MySmartManualSample_PC/Content/3DPixelArms/Materials/M_SkinShade1.uasset" 2163
"C:/Users/USSER/Desktop/Smart_manual_demo/MySmartManualSample_PC/Content/3DPixelArms/Materials/M_SkinShade1.uexp" 2164
"C:/Users/USSER/Desktop/Smart_manual_demo/MySmartManualSample_PC/Content/3DPixelArms/Demo/Animations/AS_MM_Walk_InPlace.uasset" 2165
"C:/Users/USSER/Desktop/Smart_manual_demo/MySmartManualSample_PC/Content/3DPixelArms/Demo/Animations/AS_MM_Walk_InPlace.m.ubulk" 2166
"C:/Users/USSER/Desktop/Smart_manual_demo/MySmartManualSample_PC/Content/3DPixelArms/Demo/Animations/AS_MM_Walk_InPlace.uexp" 2167
"C:/Users/USSER/Desktop/Smart_manual_demo/MySmartManualSample_PC/Content/3DPixelArms/Maps/PixelArms_Overview_BuiltData.ubulk" 2168
"C:/Users/USSER/Desktop/Smart_manual_demo/MySmartManualSample_PC/Content/3DPixelArms/Maps/PixelArms_Overview_BuiltData.uasset" 2169
"C:/Users/USSER/Desktop/Smart_manual_demo/MySmartManualSample_PC/Content/3DPixelArms/Maps/PixelArms_Overview_BuiltData.uexp" 2170
"C:/Users/USSER/Desktop/Smart_manual_demo/MySmartManualSample_PC/Content/3DPixelArms/Maps/PixelArms_Overview.uexp" 2171
"C:/Users/USSER/Desktop/Smart_manual_demo/MySmartManualSample_PC/Content/3DPixelArms/Maps/PixelArms_Overview.umap" 2172
